Anim	Standing	Active	Lying	%HeadDown	DFL1	DFL2	DFL3	DFA12	DFA123	DBL1	DBL2	DBL3	DBA12	DBA123	X_Act	Y_Act	Steps	distance(m)	VarXY	DiffXY	MeanXY	prev_Active1	prev_Active2	prev_Active3	prev_Standing1	prev_Standing2	prev_Standing3	prev_Lying1	prev_Lying2	prev_Lying3	prev_steps1	prev_steps2	prev_steps3	prev_headdown1	prev_headdown2	prev_headdown3	Activity
a11	0.4446	0.5554	0	55	49.7	241.3	182.1	242.2	346.2	176.6	175.9	6.9	177.4	347.6	193	55	135	104.05	97.58073580374356	138	124	0	0	0	0	0	0	0	0	0	0	0	0	0	0	0	G
a6	0.55	0.45	0	37	234.9	186.4	55.4	330	528.1	174.4	234.8	44.3	278.4	471	68	31	113	96.84	26.16295090390226	37	49.5	0	0	0	0	0	0	0	0	0	0	0	0	0	0	0	G
a14	0.6302	0.3698	0	95	176.4	232.1	41.5	266.9	528.2	234.1	228.1	60	250.9	459.8	120	6	91	90.14	80.61017305526642	114	63	0	0	0	0	0	0	0	0	0	0	0	0	0	0	0	G
a6	0.9244	0.0756	0	47	201.8	192.3	48.1	278.2	484.5	12.9	181.2	35.9	186.9	348.2	96	45	17	11.96	36.06244584051392	51	70.5	0.45	0	0	0.55	0	0	0	0	0	113	0	0	37	0	0	G
a11	0.6614	0.3386	0	95	179.5	39.9	28.6	341.6	363.4	215.1	172.8	47.8	259.4	431.6	137	22	48	8.4	81.31727983645297	115	79.5	0.5554	0	0	0.4446	0	0	0	0	0	135	0	0	55	0	0	G
a14	0.8558	0.1442	0	95	164.1	53.5	176.9	339.3	542.3	17.7	35	166	39.5	201.6	144	12	23	8.37	93.33809511662427	132	78	0.3698	0	0	0.6302	0	0	0	0	0	91	0	0	95	0	0	G
a14	0.9156	0.0844	0	75	54.9	9	14.9	100.8	112.4	153	157.2	51.1	207.8	402.4	174	12	12	8.96	114.5512985522207	162	93	0.1442	0.3698	0	0.8558	0.6302	0	0	0	0	23	91	0	95	95	0	G
a6	0.9154	0.0846	0	85	17.5	45.2	25.6	61.1	118.9	166	49.3	163.6	333.4	497.7	124	33	20	7.8	64.34671708797582	91	78.5	0.0756	0.45	0	0.9244	0.55	0	0	0	0	17	113	0	47	37	0	G
a11	0.7658	0.2342	0	92	48.5	192.9	171.5	254.6	304.7	49.4	12	181.1	101.5	270.7	164	30	39	4.47	94.75230867899737	134	97	0.3386	0.5554	0	0.6614	0.4446	0	0	0	0	48	135	0	95	55	0	G
a14	0.9092	0.0908	0	77	56.1	55	158	147.4	340.2	143.7	62.1	73.9	339.4	473.6	155	22	17	7.2	94.04520189781084	133	88.5	0.0844	0.1442	0.3698	0.9156	0.8558	0.6302	0	0	0	12	23	91	75	95	95	G
a6	0.9428	0.0572	0	71	15.5	8	171.3	25.5	189.9	54.9	60.4	168.4	60.6	227.8	39	6	13	5.41	23.33452377915607	33	22.5	0.0846	0.0756	0.45	0.9154	0.9244	0.55	0	0	0	20	17	113	85	47	37	G
a11	0.785	0.215	0	76	172.5	50.4	53.4	337.6	340.5	171.5	47	177	336.8	510.1	160	16	33	3.45	101.82337649086284	144	88	0.2342	0.3386	0.5554	0.7658	0.6614	0.4446	0	0	0	39	48	135	92	95	55	G
a14	0.8984	0.1016	0	79	19.9	24.4	36	49.2	73.6	175.1	25	18.3	367.2	388	94	9	19	11.48	60.10407640085654	85	51.5	0.0908	0.0844	0.1442	0.9092	0.9156	0.8558	0	0	0	17	12	23	77	75	95	G
a11	0.797	0.203	0	71	53.6	176.9	30.2	231.9	410.7	31.7	162.3	236.2	171.3	293.4	116	19	33	6.71	68.58935777509511	97	67.5	0.215	0.2342	0.3386	0.785	0.7658	0.6614	0	0	0	33	39	48	76	92	95	G
a6	0.9794	0.0206	0	79	188.6	173.1	191.1	206.7	229.4	35	170.3	56	230.5	393.1	71	48	4	2.93	16.263455967290593	23	59.5	0.0572	0.0846	0.0756	0.9428	0.9154	0.9244	0	0	0	13	20	17	71	85	47	G
a14	0.8618	0.1382	0	77	18.1	155.5	151.9	191.7	268.3	61.9	18.6	158.7	105.2	265.5	161	17	22	7.94	101.82337649086284	144	89	0.1016	0.0908	0.0844	0.8984	0.9092	0.9156	0	0	0	19	17	12	79	77	75	G
a6	0.96	0.04	0	57	192.7	171.2	25.4	214.2	382.2	33.9	174.7	33	203.4	405.7	39	141	8	2.79	72.12489168102785	102	90	0.0206	0.0572	0.0846	0.9794	0.9428	0.9154	0	0	0	4	13	20	79	71	85	G
a11	0.7242	0.2758	0	84	32	12.1	173.3	57.7	222.9	57.3	26.4	27.1	140.9	155.4	152	34	42	2.53	83.43860018001261	118	93	0.203	0.215	0.2342	0.797	0.785	0.7658	0	0	0	33	33	39	71	76	92	G
a6	0.7762	0.2238	0	48	14.6	150.2	157.5	173	196.9	6.7	9	12.4	18	27.7	64	30	51	17.56	24.041630560342615	34	47	0.04	0.0206	0.0572	0.96	0.9794	0.9428	0	0	0	8	4	13	57	79	71	G
a11	0.7274	0.2726	0	71	180.7	168.3	18.1	237.1	414.7	66.6	16	202.1	147.7	354.5	168	54	52	16.97	80.61017305526642	114	111	0.2758	0.203	0.215	0.7242	0.797	0.785	0	0	0	42	33	33	84	71	76	G
a14	0.8274	0.1726	0	77	19.2	163.6	23	199.9	362.6	51	73.3	21.7	145.4	207.3	64	1	32	6.2	44.54772721475249	63	32.5	0.1382	0.1016	0.0908	0.8618	0.8984	0.9092	0	0	0	22	19	17	77	79	77	G
a14	0.798	0.202	0	61	162.3	44.3	153.9	368.9	567.1	11.3	17.7	40	22.1	44.6	161	12	40	16.13	105.35891039679558	149	86.5	0.1726	0.1382	0.1016	0.8274	0.8618	0.8984	0	0	0	32	22	19	77	77	79	G
a6	0.8944	0.1056	0	37	166.7	49.3	91.3	322	365.1	29.5	53.5	36.4	91.3	108.5	46	15	24	11.04	21.920310216782973	31	30.5	0.2238	0.04	0.0206	0.7762	0.96	0.9794	0	0	0	51	8	4	48	57	79	G
a11	0.857	0.143	0	84	186.4	163	15.6	212.3	359.7	47.1	18.5	13.9	81.2	86.7	138	17	23	6.42	85.55992052357225	121	77.5	0.2726	0.2758	0.203	0.7274	0.7242	0.797	0	0	0	52	42	33	71	84	71	G
a14	0.8594	0.1406	0	64	60.5	10.3	32.8	122.3	158.9	205.3	9.3	177.6	412.5	590.1	168	5	26	16.68	115.25840533340724	163	86.5	0.202	0.1726	0.1382	0.798	0.8274	0.8618	0	0	0	40	32	22	61	77	77	G
a6	0.8954	0.1046	0	33	259.4	11.9	23.6	521.1	544.8	42.4	32.1	10.3	59.3	101.4	34	32	24	12.16	1.4142135623730951	2	33	0.1056	0.2238	0.04	0.8944	0.7762	0.96	0	0	0	24	51	8	37	48	57	G
a11	0.6924	0.3076	0	65	168.8	163.6	90	212	404.2	30.8	81.7	178.4	103.1	295	188	24	46	5.05	115.9655121145938	164	106	0.143	0.2726	0.2758	0.857	0.7274	0.7242	0	0	0	23	52	42	84	71	84	G
a14	0.8566	0.1434	0	85	11.1	8	194.2	22.5	212.3	6.5	47.4	66.5	60.3	85.3	134	8	27	8.8	89.09545442950498	126	71	0.1406	0.202	0.1726	0.8594	0.798	0.8274	0	0	0	26	40	32	64	61	77	G
a6	0.9492	0.0508	0	36	28.4	193	30.1	197.1	364.1	192.7	163	27.5	222.8	378.5	76	22	11	8.13	38.18376618407357	54	49	0.1046	0.1056	0.2238	0.8954	0.8944	0.7762	0	0	0	24	24	51	33	37	48	G
a11	0.827	0.173	0	75	174.5	88.7	2.6	383.2	470.7	168.1	180.1	82.7	194.8	384.7	143	44	32	2.63	70.0035713374682	99	93.5	0.3076	0.143	0.2726	0.6924	0.857	0.7274	0	0	0	46	23	52	65	84	71	G
a6	0.9284	0.0716	0	51	99.9	212.1	7.7	288.3	495.1	19.1	163	154	193.6	217.5	80	55	14	17.13	17.67766952966369	25	67.5	0.0508	0.1046	0.1056	0.9492	0.8954	0.8944	0	0	0	11	24	24	36	33	37	G
a14	0.8812	0.1188	0	38	200.7	15.7	17.5	386.5	419.7	182.8	87.2	82.2	385.9	396.6	133	33	21	9.23	70.71067811865476	100	83	0.1434	0.1406	0.202	0.8566	0.8594	0.798	0	0	0	27	26	40	85	64	61	G
a11	0.7726	0.2274	0	65	171.9	83	37.1	363.9	436.1	164.7	217.7	224.9	220.6	232.5	222	30	40	5.13	135.7645019878171	192	126	0.173	0.3076	0.143	0.827	0.6924	0.857	0	0	0	32	46	23	75	65	84	G
a11	0.7512	0.2488	0	84	158	29.9	168.5	343.7	541.2	175.5	151.2	160.9	207.6	219.2	144	22	39	10.87	86.2670273047588	122	83	0.2274	0.173	0.3076	0.7726	0.827	0.6924	0	0	0	40	32	46	65	75	65	G
a14	0.8604	0.1396	0	77	197.6	176.5	164.3	236	291.2	185.7	29.9	204.9	343.7	519.1	103	15	24	10.85	62.22539674441618	88	59	0.1188	0.1434	0.1406	0.8812	0.8566	0.8594	0	0	0	21	27	26	38	85	64	G
a6	0.8872	0.1128	0	39	30.8	88.2	181.5	91.3	266.6	6.7	185.8	84.7	186	318.8	106	11	27	3.53	67.17514421272202	95	58.5	0.0716	0.0508	0.1046	0.9284	0.9492	0.8954	0	0	0	14	11	24	51	36	33	G
a6	0.874	0.126	0	15	42.1	52.6	10.3	59.1	101.4	34.7	95.2	33.8	98.7	170.5	74	26	29	12.31	33.94112549695428	48	50	0.1128	0.0716	0.0508	0.8872	0.9284	0.9492	0	0	0	27	14	11	39	51	36	G
a14	0.8946	0.1054	0	81	191.1	194.3	123.2	194.9	325.4	52.8	202.9	195.9	216.2	246.3	163	19	20	5.99	101.82337649086284	144	91	0.1396	0.1188	0.1434	0.8604	0.8812	0.8566	0	0	0	24	21	27	77	38	85	G
a11	0.7496	0.2504	0	91	27.4	160.6	160	212	245.2	62.6	141.4	170.8	244.1	323.8	151	35	41	5.78	82.02438661763951	116	93	0.2488	0.2274	0.173	0.7512	0.7726	0.827	0	0	0	39	40	32	84	65	75	G
a6	0.8746	0.1254	0	13	185.1	204	35.1	209.7	399.3	209.8	38.1	32.2	385.1	426.4	108	9	25	13.44	70.0035713374682	99	58.5	0.126	0.1128	0.0716	0.874	0.8872	0.9284	0	0	0	29	27	14	15	39	51	G
a14	0.9206	0.0794	0	86	30.8	192.2	191.2	199.6	242.8	72.3	205.2	37.1	264.2	436.1	118	31	12	5.07	61.518289963229634	87	74.5	0.1054	0.1396	0.1188	0.8946	0.8604	0.8812	0	0	0	20	24	21	81	77	38	G
a11	0.7796	0.2204	0	96	158.2	68.5	156.6	323.2	485.8	161.3	29.3	67	306	351.9	186	14	40	3.09	121.62236636408618	172	100	0.2504	0.2488	0.2274	0.7496	0.7512	0.7726	0	0	0	41	39	40	91	84	65	G
a14	0.8482	0.1518	0	85	29	23.8	169.3	65.5	212.1	203.9	205	19.8	245.3	430.6	148	12	33	19.38	96.16652224137046	136	80	0.0794	0.1054	0.1396	0.9206	0.8946	0.8604	0	0	0	12	20	24	86	81	77	G
a11	0.7608	0.2392	0	84	11.1	17	94.7	37.4	116.6	16.5	154.7	23.9	155.9	295.4	202	26	45	14.6	124.45079348883236	176	114	0.2204	0.2504	0.2488	0.7796	0.7496	0.7512	0	0	0	40	41	39	96	91	84	G
a6	0.9112	0.0888	0	2	102.2	210.7	32	234.9	414.3	91.5	60.5	207.1	144.4	295.7	35	6	18	3.6	20.506096654409877	29	20.5	0.1254	0.126	0.1128	0.8746	0.874	0.8872	0	0	0	25	29	27	13	15	39	G
a6	0.8036	0.1964	0	29	65.3	56.8	224.2	114.1	326.1	171.5	11.7	16.8	331.4	339.4	128	19	48	33.65	77.07463914933368	109	73.5	0.0888	0.1254	0.126	0.9112	0.8746	0.874	0	0	0	18	25	29	2	13	15	G
a11	0.85	0.15	0	70	18.3	165.1	222.4	175	248.1	155.2	51.4	13.6	323.1	370	172	26	26	5.18	103.23759005323592	146	99	0.2392	0.2204	0.2504	0.7608	0.7796	0.7496	0	0	0	45	40	41	84	96	91	G
a14	0.926	0.074	0	90	55.3	48.1	179.3	62.4	230.9	25.2	181.4	51.3	226	399.5	134	12	11	3.92	86.2670273047588	122	73	0.1518	0.0794	0.1054	0.8482	0.9206	0.8946	0	0	0	33	12	20	85	86	81	G
a14	0.8554	0.1446	0	82	190.1	35.2	197.6	362.5	551.6	24.4	50	36	53.6	73.6	134	13	26	11.38	85.55992052357225	121	73.5	0.074	0.1518	0.0794	0.926	0.8482	0.9206	0	0	0	11	33	12	90	85	86	G
a6	0.97	0.03	0	89	183.9	207.9	30.4	211.1	414.5	183.5	64.8	65.4	360	365.6	127	22	7	3.38	74.24621202458749	105	74.5	0.1964	0.0888	0.1254	0.8036	0.9112	0.8746	0	0	0	48	18	25	29	2	13	G
a11	0.7362	0.2638	0	85	55.8	53.3	167.7	62.9	229.3	167.5	52.6	27.6	341.2	420.2	170	10	46	2.74	113.1370849898476	160	90	0.15	0.2392	0.2204	0.85	0.7608	0.7796	0	0	0	26	45	40	70	84	96	G
a14	0.7498	0.2502	0	65	56.5	4.4	3.1	109.5	114.4	176.5	83.3	37.2	372.1	449.4	161	27	62	41.28	94.75230867899737	134	94	0.1446	0.074	0.1518	0.8554	0.926	0.8482	0	0	0	26	11	33	82	90	85	R
a6	0.922	0.078	0	76	184.6	181	31.5	217.8	380.2	27.4	49	168.4	90.1	271.5	139	21	16	5.71	83.43860018001261	118	80	0.03	0.1964	0.0888	0.97	0.8036	0.9112	0	0	0	7	48	18	89	29	2	G
a11	0.8784	0.1216	0	74	29.7	166.2	165.9	197.4	197.9	48.2	181.4	171	263.1	297.2	120	13	18	4.31	75.66042558696059	107	66.5	0.2638	0.15	0.2392	0.7362	0.85	0.7608	0	0	0	46	26	45	85	70	84	G
a14	0.8924	0.1076	0	57	188	39.6	180.7	363.8	530.6	65.6	179.6	70.2	259.2	432.1	52	9	23	14.93	30.405591591021544	43	30.5	0.2502	0.1446	0.074	0.7498	0.8554	0.926	0	0	0	62	26	11	65	82	90	G
a6	0.9188	0.0812	0	23	20.8	193.3	18.3	212.9	388	169.8	20.2	19.9	338.8	344.7	46	6	19	11.56	28.284271247461906	40	26	0.078	0.03	0.1964	0.922	0.97	0.8036	0	0	0	16	7	48	76	89	29	G
a11	0.853	0.147	0	91	165.2	178.3	26.8	182.4	377.9	25.7	12.1	47.2	57.7	114.9	136	13	24	2.51	86.97413408594535	123	74.5	0.1216	0.2638	0.15	0.8784	0.7362	0.85	0	0	0	18	46	26	74	85	70	G
a14	0.914	0.086	0	63	176	55.5	184.6	330.6	511.5	68.4	165.4	18.6	237.4	414.5	125	23	16	10.14	72.12489168102785	102	74	0.1076	0.2502	0.1446	0.8924	0.7498	0.8554	0	0	0	23	62	26	57	65	82	G
a6	0.8846	0.1154	0	57	11.7	179.5	166.9	180.6	209.9	11.7	48.1	14.9	57.5	112.4	48	47	25	8.93	0.7071067811865476	1	47.5	0.0812	0.078	0.03	0.9188	0.922	0.97	0	0	0	19	16	7	23	76	89	G
a11	0.8902	0.1098	0	80	43.3	18.6	19.7	105.2	123.3	160.3	163.1	66.2	171.6	319.3	101	32	15	7.95	48.79036790187178	69	66.5	0.147	0.1216	0.2638	0.853	0.8784	0.7362	0	0	0	24	18	46	91	74	85	G
a14	0.885	0.115	0	81	42.1	154.5	21.1	181.6	321	42.7	165.5	18.5	188.8	355.6	170	11	24	14.76	112.42997820866104	159	90.5	0.086	0.1076	0.2502	0.914	0.8924	0.7498	0	0	0	16	23	62	63	57	65	G
a11	0.848	0.152	0	66	22.1	62.3	171.2	67.9	279.8	159.7	167	148.6	227.8	280.6	133	38	27	13.74	67.17514421272202	95	85.5	0.1098	0.147	0.1216	0.8902	0.853	0.8784	0	0	0	15	24	18	80	91	74	G
a6	0.915	0.085	0	61	168.9	20.2	41	338.8	359.6	5.9	29.8	170.8	31.2	174.1	62	36	19	11.67	18.384776310850235	26	49	0.1154	0.0812	0.078	0.8846	0.9188	0.922	0	0	0	25	19	16	57	23	76	G
a11	0.6992	0.3008	0	83	185.2	184.7	19.8	226.7	430.6	174.3	194.4	26.3	196.5	389.4	124	35	53	19.53	62.932503525602726	89	79.5	0.152	0.1098	0.147	0.848	0.8902	0.853	0	0	0	27	15	24	66	80	91	G
a6	0.8142	0.1858	0	11	166.8	29.4	18.5	312.9	355.6	175.8	39.6	26.9	363.8	429.4	86	3	43	14.83	58.68986283848344	83	44.5	0.085	0.1154	0.0812	0.915	0.8846	0.9188	0	0	0	19	25	19	61	57	23	G
a14	0.8104	0.1896	0	70	79.2	190.6	27.9	239.9	455.2	26.3	17	6.8	37.4	53.9	178	6	34	14.46	121.62236636408618	172	92	0.115	0.086	0.1076	0.885	0.914	0.8924	0	0	0	24	16	23	81	63	57	G
a14	0.7978	0.2022	0	69	20.5	164.1	178.6	204.6	226.5	164	26.5	35.4	310.2	339.6	185	16	45	21.85	119.50104602052652	169	100.5	0.1896	0.115	0.086	0.8104	0.885	0.914	0	0	0	34	24	16	70	81	63	G
a6	0.8102	0.1898	0	41	11.3	9	16.1	18	32.6	9.7	69.6	4.6	88.2	160.7	38	19	42	17.64	13.435028842544405	19	28.5	0.1858	0.085	0.1154	0.8142	0.915	0.8846	0	0	0	43	19	25	11	61	57	G
a11	0.7412	0.2588	0	89	60.7	63.5	172.9	71.4	274.6	70.2	154.9	213	269.8	382.8	199	43	46	9.37	110.3086578651014	156	121	0.3008	0.152	0.1098	0.6992	0.848	0.8902	0	0	0	53	27	15	83	66	80	G
a11	0.8182	0.1818	0	84	83.3	18.9	180.9	185.5	365.8	15.4	146.9	152	174.4	215.7	179	16	37	15.8	115.25840533340724	163	97.5	0.2588	0.3008	0.152	0.7412	0.6992	0.848	0	0	0	46	53	27	89	83	66	G
a6	0.8854	0.1146	0	56	2.2	170.8	24.8	175.2	368.7	159.6	172.1	217.8	244.2	292.1	84	16	22	15.17	48.08326112068523	68	50	0.1898	0.1858	0.085	0.8102	0.8142	0.915	0	0	0	42	43	19	41	11	61	G
a14	0.8224	0.1776	0	93	192.1	25	15.2	367.2	387.1	20.8	171.8	41	190.6	359.6	172	8	32	11.5	115.9655121145938	164	90	0.2022	0.1896	0.115	0.7978	0.8104	0.885	0	0	0	45	34	24	69	70	81	G
a14	0.848	0.152	0	65	55.2	40	26.8	71.2	116.1	25.8	50.5	167.1	52.4	218.9	138	9	31	15.72	91.21677477306464	129	73.5	0.1776	0.2022	0.1896	0.8224	0.7978	0.8104	0	0	0	32	45	34	93	69	70	G
a11	0.8504	0.1496	0	80	74.4	43	77.8	105.8	140.8	234.9	5	156.5	473.4	632.8	104	19	25	4.01	60.10407640085654	85	61.5	0.1818	0.2588	0.3008	0.8182	0.7412	0.6992	0	0	0	37	46	53	84	89	83	G
a6	0.9104	0.0896	0	17	14.6	80.9	27.1	98.2	155.4	87.6	172.3	2.6	296.3	470.7	100	25	19	2.56	53.033008588991066	75	62.5	0.1146	0.1898	0.1858	0.8854	0.8102	0.8142	0	0	0	22	42	43	56	41	11	G
a14	0.826	0.174	0	96	32	161	168.5	200.7	268.8	74	29.2	99.2	119	189.1	183	10	35	26.79	122.32947314527271	173	96.5	0.152	0.1776	0.2022	0.848	0.8224	0.7978	0	0	0	31	32	45	65	93	69	G
a6	0.8664	0.1336	0	39	36.4	89	136.5	151.8	306.9	159.4	219.3	162.6	226.4	291	88	14	31	10.46	52.32590180780452	74	51	0.0896	0.1146	0.1898	0.9104	0.8854	0.8102	0	0	0	19	22	42	17	56	41	G
a11	0.8822	0.1178	0	96	29.2	10.1	162.5	66.6	227.3	75	75.3	22.1	76.5	135.8	134	6	21	4.19	90.50966799187808	128	70	0.1496	0.1818	0.2588	0.8504	0.8182	0.7412	0	0	0	25	37	46	80	84	89	G
a6	0.6832	0.3168	0	28	43.5	194.9	200.6	236.2	274.8	3.4	155	72.2	158.1	280.9	92	11	74	34.45	57.27564927611035	81	51.5	0.1336	0.0896	0.1146	0.8664	0.9104	0.8854	0	0	0	31	19	22	39	17	56	G
a11	0.7268	0.2732	0	90	45	146.1	25.8	221.6	391.5	15.9	40	17.9	71.2	97	168	38	53	15.71	91.92388155425118	130	103	0.1178	0.1496	0.1818	0.8822	0.8504	0.8182	0	0	0	21	25	37	96	80	84	G
a14	0.8084	0.1916	0	95	16.5	23.4	6.8	27.6	53.9	139.5	23.4	21.1	278.9	321	135	10	38	14.62	88.38834764831844	125	72.5	0.174	0.152	0.1776	0.826	0.848	0.8224	0	0	0	35	31	32	96	65	93	G
a6	0.7538	0.2462	0	4	62.6	2.7	2.5	124.2	126.3	84.4	67	42.6	129.1	205.3	96	4	61	45.65	65.05382386916237	92	50	0.3168	0.1336	0.0896	0.6832	0.8664	0.9104	0	0	0	74	31	19	28	39	17	R
a14	0.9508	0.0492	0	89	43.6	14.3	57.6	101.3	157.3	17.5	148.7	48.1	183.6	350.9	162	18	8	7.79	101.82337649086284	144	90	0.1916	0.174	0.152	0.8084	0.826	0.848	0	0	0	38	35	31	95	96	65	G
a11	0.733	0.267	0	82	212	163.6	213.3	268.6	336.8	162.7	37.6	23	343.4	362.6	140	22	46	6.16	83.43860018001261	118	81	0.2732	0.1178	0.1496	0.7268	0.8822	0.8504	0	0	0	53	21	25	90	96	80	G
a14	0.9246	0.0754	0	85	52.8	146	149.5	243.8	247.6	163.5	151.3	4.6	193.6	340.4	158	20	14	6	97.58073580374356	138	89	0.0492	0.1916	0.174	0.9508	0.8084	0.826	0	0	0	8	38	35	89	95	96	G
a11	0.8374	0.1626	0	67	10	165	159	174.4	244.1	15.5	43.7	49.4	70.4	76.1	177	43	30	5.4	94.75230867899737	134	110	0.267	0.2732	0.1178	0.733	0.7268	0.8822	0	0	0	46	53	21	82	90	96	G
a11	0.727	0.273	0	63	35.2	30.6	6.4	40.8	74.8	162.2	153.5	167.4	171.9	185.8	182	26	52	6.46	110.3086578651014	156	104	0.1626	0.267	0.2732	0.8374	0.733	0.7268	0	0	0	30	46	53	67	82	90	G
a6	0.7376	0.0858	0.1766	14	167.7	164.2	182.2	206.2	226.4	7.7	88.3	4.6	98.6	188.5	6	13	20	4.53	4.949747468305833	7	9.5	0.2462	0.3168	0.1336	0.7538	0.6832	0.8664	0	0	0	61	74	31	4	28	39	R
a14	0.9756	0.0244	0	97	36.4	145.8	148.7	162	167.5	40.2	148.6	147.5	206.3	211.5	146	5	3	1.79	99.7020561473032	141	75.5	0.0754	0.0492	0.1916	0.9246	0.9508	0.8084	0	0	0	14	8	38	85	89	95	G
a6	0.883	0.117	0	29	189	37	45.6	365.8	378.5	172.4	35.2	55.4	362.5	386.9	30	23	26	11.27	4.949747468305833	7	26.5	0.0858	0.2462	0.3168	0.7376	0.7538	0.6832	0.1766	0	0	20	61	74	14	4	28	G
a11	0.813	0.187	0	68	47.1	174.9	149.4	233.5	259.4	34.1	39.1	6.4	39.6	74.8	177	31	34	6.43	103.23759005323592	146	104	0.273	0.1626	0.267	0.727	0.8374	0.733	0	0	0	52	30	46	63	67	82	G
a14	0.907	0.093	0	94	146.9	158.8	4.6	177	340.4	197	148.3	195.9	265.2	321.9	123	16	19	6.08	75.66042558696059	107	69.5	0.0244	0.0754	0.0492	0.9756	0.9246	0.9508	0	0	0	3	14	8	97	85	89	G
a11	0.607	0.333	0.06	69	177	189.6	193.2	211.9	236	39.3	162.7	50.3	170.7	317.3	209	50	64	18.92	112.42997820866104	159	129.5	0.187	0.273	0.1626	0.813	0.727	0.8374	0	0	0	34	52	30	68	63	67	R
a14	0.7466	0.2534	0	78	38.1	12.9	45.9	88.9	147.1	171.1	140.7	149.7	230.6	243.4	122	14	59	8.67	76.36753236814714	108	68	0.093	0.0244	0.0754	0.907	0.9756	0.9246	0	0	0	19	3	14	94	97	85	G
a14	0.9376	0.0624	0	89	32.5	7.1	199.3	72.1	270	6.2	6.4	56.1	11.1	64.1	52	137	13	39.72	60.10407640085654	85	94.5	0.2534	0.093	0.0244	0.7466	0.907	0.9756	0	0	0	59	19	3	78	94	97	R
a11	0.1602	0.067	0.7726	18	89.8	72.6	85	109.2	136.3	69	183.4	45.9	266.9	442.2	77	22	9	6.29	38.890872965260115	55	49.5	0.333	0.187	0.273	0.607	0.813	0.727	0.06	0	0	64	34	52	69	68	63	R
a11	0.0096	0.0112	0.9792	5	57.3	60.2	47.2	89.2	114.9	83.6	80.9	6.7	98.2	185.7	43	10	1	2.54	23.33452377915607	33	26.5	0.067	0.333	0.187	0.1602	0.607	0.813	0.7726	0.06	0	9	64	34	18	69	68	R
a11	0.087	0.0524	0.8604	23	40.2	37.4	162.9	76.6	202.2	166.1	166.1	53.4	171.3	336.6	46	9	8	1.81	26.16295090390226	37	27.5	0.0112	0.067	0.333	0.0096	0.1602	0.607	0.9792	0.7726	0.06	1	9	64	5	18	69	R
a11	0.0016	0.0024	0.9958	8	167	72.4	169.9	324.6	485.4	1.1	4.5	167.9	5	176.9	23	5	0	1.64	12.727922061357855	18	14	0.0524	0.0112	0.067	0.087	0.0096	0.1602	0.8604	0.9792	0.7726	8	1	9	23	5	18	R
a11	0.002	0.0112	0.9866	2	31.4	4.4	2	66.4	71.7	74.4	228.9	78.6	309.3	547.8	14	2	2	4	8.48528137423857	12	8	0.0024	0.0524	0.0112	0.0016	0.087	0.0096	0.9958	0.8604	0.9792	0	8	1	8	23	5	R
a11	0.117	0.0572	0.8258	19	72.3	81.7	167	103.1	271.8	191.9	83	166.6	363.9	528.5	57	26	9	5.12	21.920310216782973	31	41.5	0.0112	0.0024	0.0524	0.002	0.0016	0.087	0.9866	0.9958	0.8604	2	0	8	2	8	23	R
a11	0	0	1	83	189.9	168.3	82.7	216.6	384.7	165.8	3.4	8.9	332.2	339.4	15	3	0	2.66	8.48528137423857	12	9	0.0572	0.0112	0.0024	0.117	0.002	0.0016	0.8258	0.9866	0.9958	9	2	0	19	2	8	R
a11	0.2284	0.1082	0.6632	78	169.2	179.9	165.5	189.5	212.5	86.7	195.9	169.2	290.1	317.3	20	2	18	3.33	12.727922061357855	18	11	0	0.0572	0.0112	0	0.117	0.002	1	0.8258	0.9866	0	9	2	83	19	2	R
a11	0.43	0.2576	0.3124	10	45.9	169.7	67	190.6	351.9	33.1	168	1.7	176.7	346.3	66	28	39	3.11	26.87005768508881	38	47	0.1082	0	0.0572	0.2284	0	0.117	0.6632	1	0.8258	18	0	9	78	83	19	R
a6	0.02	0.0738	0.9062	0	178.3	83.6	204.1	357	540.8	53.6	78.7	173.4	85.3	225	2	0	19	6.66	1.4142135623730951	2	1	0.117	0.0858	0.2462	0.883	0.7376	0.7538	0	0.1766	0	26	20	61	29	14	4	W
a11	0.0266	0.02	0.9534	0	91.5	38.9	171.2	193.7	326.4	52.9	168.5	67.1	204.2	360.7	0	0	2	3.62	0	0	0	0.2576	0.1082	0	0.43	0.2284	0	0.3124	0.6632	1	39	18	0	10	78	83	W
a14	0.8772	0.1228	0	11	172.9	1116.3	1116.2	1377.2	1388.8	83.3	75.4	1.5	96	171.6	12	18	27	0.33	4.242640687119285	6	15	0.0624	0.2534	0.093	0.9376	0.7466	0.907	0	0	0	13	59	19	89	78	94	W
a6	0.0952	0.9048	0	3	56.2	12.7	140.9	124.5	257.2	4.7	44.5	166.4	47	232.5	141	7	255	36.62	94.75230867899737	134	74	0.0738	0.117	0.0858	0.02	0.883	0.7376	0.9062	0	0.1766	19	26	20	0	29	14	W
a14	0.1192	0.8808	0	43	40.4	48.4	140.5	48.4	208.3	179.9	171.1	35.4	218.5	411.2	147	21	240	34.22	89.09545442950498	126	84	0.1228	0.0624	0.2534	0.8772	0.9376	0.7466	0	0	0	27	13	59	11	89	78	W
a11	0.0956	0.9044	0	8	167.3	164.8	165.2	198.5	219.8	43.7	177	52	206.2	398.5	29	50	245	30.85	14.849242404917495	21	39.5	0.02	0.2576	0.1082	0.0266	0.43	0.2284	0.9534	0.3124	0.6632	2	39	18	0	10	78	W
a14	0.061	0.939	0	87	124.2	147.5	6.3	356.4	501	129.8	64	152.4	295.2	476.1	128	4	258	63.73	87.68124086713189	124	66	0.8808	0.1228	0.0624	0.1192	0.8772	0.9376	0	0	0	240	27	13	43	11	89	W
a11	0.0996	0.9004	0	19	165.6	119.2	49.2	414.3	493.7	161.1	134.4	2.8	408.1	541.4	39	66	246	61.66	19.091883092036785	27	52.5	0.9044	0.02	0.2576	0.0956	0.0266	0.43	0	0.9534	0.3124	245	2	39	8	0	10	W
a6	0.0616	0.9384	0	6	89.5	133.9	81.8	232.8	374.5	95.1	94.3	82.5	96.3	108.7	187	21	260	58.64	117.37972567696688	166	104	0.9048	0.0738	0.117	0.0952	0.02	0.883	0	0.9062	0	255	19	26	3	0	29	W
a6	0.114	0.886	0	27	37.2	202.9	17	208.4	407.2	197.2	16.8	62	399.4	477.6	179	58	227	77.3	85.55992052357225	121	118.5	0.9384	0.9048	0.0738	0.0616	0.0952	0.02	0	0	0.9062	260	255	19	6	3	0	W
a14	0.178	0.822	0	99	70	26.9	99.2	115.1	189.1	180.3	95.8	183.4	371.1	579.1	58	0	226	27.36	41.012193308819754	58	29	0.939	0.8808	0.1228	0.061	0.1192	0.8772	0	0	0	258	240	27	87	43	11	W
a11	0.2778	0.7222	0	47	22.3	163.6	150.4	207.2	231.3	164.8	78.2	113.4	351	386.2	12	142	199	24.28	91.92388155425118	130	77	0.9004	0.9044	0.02	0.0996	0.0956	0.0266	0	0	0.9534	246	245	2	19	8	0	W
a6	0.153	0.847	0	34	81.6	134.6	150.9	233.1	265.1	167.1	186.4	40.9	211.6	423.4	122	45	221	46.9	54.44722215136416	77	83.5	0.886	0.9384	0.9048	0.114	0.0616	0.0952	0	0	0	227	260	255	27	6	3	W
a11	0.0896	0.9104	0	41	48.8	166.6	44.5	260.8	467.2	65.3	127.5	58.1	236.8	396.7	211	75	247	33.6	96.16652224137046	136	143	0.7222	0.9004	0.9044	0.2778	0.0996	0.0956	0	0	0	199	246	245	47	19	8	W
a14	0.0728	0.9272	0	88	74	53.8	136.9	105.9	274.6	45.1	26.9	162.9	115.1	295.3	120	8	260	26.93	79.19595949289332	112	64	0.822	0.939	0.8808	0.178	0.061	0.1192	0	0	0	226	258	240	99	87	43	W
a6	0.1226	0.8774	0	21	135.5	21.2	216	280.9	512.3	49.9	154.4	52.2	227.4	433.9	200	20	237	50.61	127.27922061357856	180	110	0.847	0.886	0.9384	0.153	0.114	0.0616	0	0	0	221	227	260	34	27	6	W
a14	0.0562	0.9438	0	100	66.6	141.8	150.5	247.3	303.7	81.1	164.3	34.5	287.9	476.2	41	0	262	17.01	28.991378028648448	41	20.5	0.9272	0.822	0.939	0.0728	0.178	0.061	0	0	0	260	226	258	88	99	87	W
a11	0.0374	0.9626	0	51	61.7	29.4	138.8	98.4	253.7	60.5	162.3	67.8	265.8	473	248	91	267	16.6	111.01576464628796	157	169.5	0.9104	0.7222	0.9004	0.0896	0.2778	0.0996	0	0	0	247	199	246	41	47	19	W
a14	0.316	0.684	0	100	78.2	209.4	62	280.4	477.6	8.2	247.4	19.3	251.9	512.7	51	0	186	78.84	36.06244584051392	51	25.5	0.9438	0.9272	0.822	0.0562	0.0728	0.178	0	0	0	262	260	226	100	88	99	G
a6	0.2476	0.7524	0	25	247	134.4	249.9	408.1	573.7	133.3	16.2	216.5	277.9	510.1	169	56	210	61.86	79.90306627407988	113	112.5	0.8774	0.847	0.886	0.1226	0.153	0.114	0	0	0	237	221	227	21	34	27	G
a11	0.1898	0.8102	0	68	176	10.9	126.3	344.5	459.9	47.6	177.3	41.2	189.4	332.6	116	34	223	56.72	57.982756057296896	82	75	0.9626	0.9104	0.7222	0.0374	0.0896	0.2778	0	0	0	267	247	199	51	41	47	W
a11	0.5516	0.4484	0	55	202.2	16.8	45.5	399.4	436.7	78.2	81.9	208.5	86.4	330.1	5	117	96	78.37	79.19595949289332	112	61	0.8102	0.9626	0.9104	0.1898	0.0374	0.0896	0	0	0	223	267	247	68	51	41	R
a14	0.8722	0.1278	0	93	70.1	217.1	70.4	225.5	384.6	56.2	221.2	47.3	258.4	432.3	148	14	25	24.71	94.75230867899737	134	81	0.684	0.9438	0.9272	0.316	0.0562	0.0728	0	0	0	186	262	260	100	100	88	G
a6	0.8646	0.1354	0	47	22.5	32.6	40	33.3	44.6	37.3	51.3	244.4	61.5	254.6	128	37	30	16.28	64.34671708797582	91	82.5	0.7524	0.8774	0.847	0.2476	0.1226	0.153	0	0	0	210	237	221	25	21	34	G
a14	0.9292	0.0708	0	77	198.1	194.8	37	239.5	398.4	206.6	44.3	36.8	368.9	380.2	149	15	13	16	94.75230867899737	134	82	0.1278	0.684	0.9438	0.8722	0.316	0.0562	0	0	0	25	186	262	93	100	100	G
a11	0.77	0.1434	0.0866	10	54.9	43.7	53	70.4	80.4	5.6	165	167.1	172.9	175.1	56	8	22	5.42	33.94112549695428	48	32	0.4484	0.8102	0.9626	0.5516	0.1898	0.0374	0	0	0	96	223	267	55	68	51	R
a6	0.9238	0.0762	0	39	48.2	37	204.5	77.9	245.6	214.9	209.9	217.1	249.1	294.1	92	38	16	4.31	38.18376618407357	54	65	0.1354	0.7524	0.8774	0.8646	0.2476	0.1226	0	0	0	30	210	237	47	25	21	G
a6	0.9646	0.0354	0	35	195.7	62.1	97.3	339.4	395.5	134.2	89.2	73.3	193.5	240	84	57	7	7.21	19.091883092036785	27	70.5	0.0762	0.1354	0.7524	0.9238	0.8646	0.2476	0	0	0	16	30	210	39	47	25	G
a11	0.19	0.0132	0.7966	8	41.1	197.9	171	202	269.2	170.2	174	5.4	186.8	356.4	48	6	1	6.97	29.69848480983499	42	27	0.1434	0.4484	0.8102	0.77	0.5516	0.1898	0.0866	0	0	22	96	223	10	55	68	R
a14	0.957	0.043	0	70	51	33.9	214.3	70.3	251	94.4	70.4	98	156.3	217	86	10	7	6.2	53.74011537017761	76	48	0.0708	0.1278	0.684	0.9292	0.8722	0.316	0	0	0	13	25	186	77	93	100	G
a14	0.858	0.142	0	91	186.5	45.5	193.4	355.8	534.6	204.7	191.6	21.2	226.6	410.7	167	18	27	21.68	105.35891039679558	149	92.5	0.043	0.0708	0.1278	0.957	0.9292	0.8722	0	0	0	7	13	25	70	77	93	G
a6	0.8394	0.1606	0	52	10.6	207.6	41.8	215.1	388.6	42.8	198.7	270.1	201.1	284.5	82	59	38	9.93	16.263455967290593	23	70.5	0.0354	0.0762	0.1354	0.9646	0.9238	0.8646	0	0	0	7	16	30	35	39	47	G
a11	0.7296	0.0876	0.183	11	203	71.5	42.3	376.7	418.7	175.2	53.5	70.8	339.3	357.1	19	134	12	8.36	81.31727983645297	115	76.5	0.0132	0.1434	0.4484	0.19	0.77	0.5516	0.7966	0.0866	0	1	22	96	8	10	55	R
a6	0.8724	0.1276	0	62	36.7	157.5	181.1	191.9	216.5	61.7	10.3	199.3	122.3	327.5	88	41	28	16.59	33.23401871576773	47	64.5	0.1606	0.0354	0.0762	0.8394	0.9646	0.9238	0	0	0	38	7	16	52	35	39	G
a14	0.8148	0.1852	0	90	15.4	93.2	15.8	98.7	200.9	158.9	161.1	37	200.3	398.4	121	10	38	15.83	78.48885271170677	111	65.5	0.142	0.043	0.0708	0.858	0.957	0.9292	0	0	0	27	7	13	91	70	77	G
a11	0.5866	0.0882	0.325	25	173.6	74.1	51.3	374.3	399.5	5.3	32.3	2	40.2	71.7	55	18	11	3.94	26.16295090390226	37	36.5	0.0876	0.0132	0.1434	0.7296	0.19	0.77	0.183	0.7966	0.0866	12	1	22	11	8	10	R
a14	0.9362	0.0638	0	94	180.3	160.2	51.1	216.5	383	102.2	18.9	15.8	185.5	200.9	142	14	11	15.78	90.50966799187808	128	78	0.1852	0.142	0.043	0.8148	0.858	0.957	0	0	0	38	27	7	90	91	70	G
a6	0.9286	0.0714	0	45	8.6	179.1	20.1	182.6	354.5	181.9	163.3	93.5	225.9	401.4	96	76	14	9.59	14.142135623730953	20	86	0.1276	0.1606	0.0354	0.8724	0.8394	0.9646	0	0	0	28	38	7	62	52	35	G
a14	0.8424	0.1576	0	96	173.9	56	47.3	376.2	432.3	24.8	148.8	8.6	184.3	325.8	177	12	34	24.78	116.67261889578036	165	94.5	0.0638	0.1852	0.142	0.9362	0.8148	0.858	0	0	0	11	38	27	94	90	91	G
a6	0.9232	0.0768	0	82	20.9	161.1	162.5	180.2	194	162.4	161.5	31.5	195.6	380.2	144	30	17	5.68	80.61017305526642	114	87	0.0714	0.1276	0.1606	0.9286	0.8724	0.8394	0	0	0	14	28	38	45	62	52	G
a11	0.5786	0.0492	0.3722	8	172	171.7	1.7	173.6	343.6	70.1	73.1	61.4	73.1	89.7	50	10	5	3.71	28.284271247461906	40	30	0.0882	0.0876	0.0132	0.5866	0.7296	0.19	0.325	0.183	0.7966	11	12	1	25	11	8	R
a6	0.9212	0.0788	0	85	5.5	39.1	13.9	39.6	86.7	35.2	156.6	149	197.4	207.1	121	26	17	6.45	67.17514421272202	95	73.5	0.0768	0.0714	0.1276	0.9232	0.9286	0.8724	0	0	0	17	14	28	82	45	62	G
a11	0.4032	0.075	0.5216	7	167.7	4	39	338.3	378.3	168	167.9	92.5	172.1	341.1	42	6	10	4.67	25.45584412271571	36	24	0.0492	0.0882	0.0876	0.5786	0.5866	0.7296	0.3722	0.325	0.183	5	11	12	8	25	11	R
a14	0.9356	0.0644	0	93	3	73.1	155	73.1	245.1	16.6	161.1	5.5	168.6	329	132	6	13	3.73	89.09545442950498	126	69	0.1576	0.0638	0.1852	0.8424	0.9362	0.8148	0	0	0	34	11	38	96	94	90	G
a11	0.445	0.1596	0.3954	11	175.5	211.1	93.5	219.5	401.4	94.8	68.8	98.7	138.8	172.7	61	23	26	9.7	26.87005768508881	38	42	0.075	0.0492	0.0882	0.4032	0.5786	0.5866	0.5216	0.3722	0.325	10	5	11	7	8	25	R
a6	0.938	0.062	0	63	71.6	149	149.1	238.2	242.2	50.5	7.7	63.7	106.5	164.2	129	65	13	7.6	45.254833995939045	64	97	0.0788	0.0768	0.0714	0.9212	0.9232	0.9286	0	0	0	17	17	14	85	82	45	G
a14	0.885	0.115	0	92	156.4	15.4	67.1	307.8	360.7	151.4	209.3	166.8	213.4	318.1	116	18	24	3.67	69.29646455628166	98	67	0.0644	0.1576	0.0638	0.9356	0.8424	0.9362	0	0	0	13	34	11	93	96	94	G
a11	0.1758	0.043	0.7812	28	40.6	188.3	64.4	222.1	364.9	206.3	197.5	48.1	282.7	484.5	73	27	5	11.92	32.526911934581186	46	50	0.1596	0.075	0.0492	0.445	0.4032	0.5786	0.3954	0.5216	0.3722	26	10	5	11	7	8	R
a6	0.8908	0.1092	0	25	56	7.7	65.4	106.5	178.1	57.7	14.3	25.6	101.3	118.9	67	15	23	7.7	36.76955262170047	52	41	0.062	0.0788	0.0768	0.938	0.9212	0.9232	0	0	0	13	17	17	63	85	82	G
a14	0.83	0.17	0	92	70.1	155.3	155.7	242.1	243.6	3	14.6	161.6	19.6	171.6	110	10	38	3.71	70.71067811865476	100	60	0.115	0.0644	0.1576	0.885	0.9356	0.8424	0	0	0	24	13	34	92	93	96	G
a14	0.8112	0.1888	0	77	45.1	29.2	18	119	151	70	162	35.8	250.3	441.1	141	18	38	26.96	86.97413408594535	123	79.5	0.17	0.115	0.0644	0.83	0.885	0.9356	0	0	0	38	24	13	92	92	93	G
a6	0.7784	0.2216	0	29	39.9	62.5	28.9	71.4	106.5	159.1	6.5	70.4	314.5	384.6	98	22	52	24.53	53.74011537017761	76	60	0.1092	0.062	0.0788	0.8908	0.938	0.9212	0	0	0	23	13	17	25	63	85	G
a14	0.7606	0.2394	0	83	2.1	166.2	41.1	169.6	295.2	61.6	2.7	83.2	124.2	208.6	114	8	58	45.17	74.95331880577403	106	61	0.1888	0.17	0.115	0.8112	0.83	0.885	0	0	0	38	38	24	77	92	92	R
a6	0.7392	0.2608	0	68	167.5	42.2	8.1	293	343.2	2.1	60.2	2.5	63.7	126.3	55	21	68	44.95	24.041630560342615	34	38	0.2216	0.1092	0.062	0.7784	0.8908	0.938	0	0	0	52	23	13	29	25	63	R
a11	0.0654	0.0446	0.89	21	6.9	75.1	175.2	75.1	254	168.5	205.7	2.3	247	454.5	115	35	5	7.36	56.56854249492381	80	75	0.043	0.1596	0.075	0.1758	0.445	0.4032	0.7812	0.3954	0.5216	5	26	10	28	11	7	R
a6	0.9222	0.0778	0	4	192.9	191.3	10.1	272.7	454.1	62.2	177.2	173.4	192.7	196.5	18	14	19	5.91	2.8284271247461903	4	16	0.2608	0.2216	0.1092	0.7392	0.7784	0.8908	0	0	0	68	52	23	68	29	25	R
a14	0.9312	0.0688	0	23	87.6	89.9	6.7	102.1	185.7	208.7	88.7	173.1	383.2	551.3	37	20	16	2.58	12.020815280171307	17	28.5	0.2394	0.1888	0.17	0.7606	0.8112	0.83	0	0	0	58	38	38	83	77	92	R
a14	0.9084	0.0916	0	21	72.9	75.4	28.1	75.4	147.3	195.7	184.6	35.1	304.8	482.2	45	30	19	12.52	10.606601717798211	15	37.5	0.0688	0.2394	0.1888	0.9312	0.7606	0.8112	0	0	0	16	58	38	23	83	77	R
a6	0.9286	0.0714	0	91	167.4	49.3	48.1	333.4	350.9	164.3	195.3	61.4	240.9	414.5	16	8	16	7.83	5.656854249492381	8	12	0.0778	0.2608	0.2216	0.9222	0.7392	0.7784	0	0	0	19	68	52	4	68	29	G
a11	0.012	0.0116	0.9762	1	168.5	4.9	85.8	333.2	420.9	5.5	5	2.3	6.5	13.7	23	1	2	2.26	15.556349186104043	22	12	0.0446	0.043	0.1596	0.0654	0.1758	0.445	0.89	0.7812	0.3954	5	5	26	21	28	11	R
a6	0.893	0.107	0	11	80.2	13.5	63.5	169.8	244.4	16.3	42	10.8	74.5	125.3	54	29	24	8.53	17.67766952966369	25	41.5	0.0714	0.0778	0.2608	0.9286	0.9222	0.7392	0	0	0	16	19	68	91	4	68	G
a14	0.9798	0.0202	0	29	166.6	164.9	5.6	170.6	332.4	71.6	93.3	65.4	122.1	178.1	40	16	1	7.59	16.97056274847714	24	28	0.0916	0.0688	0.2394	0.9084	0.9312	0.7606	0	0	0	19	16	58	21	23	83	R
a11	0.5392	0.2258	0.235	9	7.2	7.6	2.3	8.2	13.7	57.5	172.8	3.8	213.5	389.8	46	13	32	2.29	23.33452377915607	33	29.5	0.0116	0.0446	0.043	0.012	0.0654	0.1758	0.9762	0.89	0.7812	2	5	5	1	21	28	R
a6	0.8808	0.1192	0	53	193	174.4	26.3	215.2	389.4	178.7	184.4	182.3	205.7	232.6	50	53	24	19.9	2.1213203435596424	3	51.5	0.107	0.0714	0.0778	0.893	0.9286	0.9222	0	0	0	24	16	19	11	91	4	G
a11	0.0012	8e-4	0.998	7	163.7	8.8	87.9	336.2	426.1	53.6	5.9	62.1	109.8	173.2	30	10	0	4.6	14.142135623730953	20	20	0.2258	0.0116	0.0446	0.5392	0.012	0.0654	0.235	0.9762	0.89	32	2	5	9	1	21	R
a6	0.7472	0.2528	0	46	216.5	58.1	224.1	418.6	620.7	200.9	170.1	35.4	269	437.7	32	28	65	25.97	2.8284271247461903	4	30	0.1192	0.107	0.0714	0.8808	0.893	0.9286	0	0	0	24	24	16	53	11	91	R
a11	0.0724	0.1208	0.8066	0	32.2	160.7	189.5	201.4	244.4	218.5	50	163.1	391	523	33	0	29	4.74	23.33452377915607	33	16.5	8e-4	0.2258	0.0116	0.0012	0.5392	0.012	0.998	0.235	0.9762	0	32	2	7	9	1	W
a6	0.5364	0.2548	0.2088	17	56.2	5.9	169.7	109.8	273.6	63.4	38.5	3.6	106.7	146.6	30	9	65	4.61	14.849242404917495	21	19.5	0.2528	0.1192	0.107	0.7472	0.8808	0.893	0	0	0	65	24	24	46	53	11	W
a14	0.077	0.233	0.69	19	162.5	89.1	56	358	393.1	165.1	68.5	167.3	323.2	484.6	13	145	55	3.05	93.33809511662427	132	79	0.0202	0.0916	0.0688	0.9798	0.9084	0.9312	0	0	0	1	19	16	29	21	23	W
a14	0.0756	0.9244	0	79	152.4	208.3	43.8	217.3	398.3	107	39.5	6.7	175.7	208.6	162	22	258	67.6	98.99494936611666	140	92	0.233	0.0202	0.0916	0.077	0.9798	0.9084	0.69	0	0	55	1	19	19	29	21	W
a6	0.1048	0.8952	0	0	95.1	6.4	148.5	184.6	327.8	1.2	12.9	73.4	13.6	78.4	172	4	244	58.68	118.79393923933998	168	88	0.2548	0.2528	0.1192	0.5364	0.7472	0.8808	0.2088	0	0	65	65	24	17	46	53	W
a11	0.0968	0.9032	0	31	144.7	149.1	50.4	149.7	279.8	96.1	23.7	146	211.4	379.9	42	114	249	55.7	50.91168824543142	72	78	0.1208	8e-4	0.2258	0.0724	0.0012	0.5392	0.8066	0.998	0.235	29	0	32	0	7	9	W
a14	0.0866	0.9134	0	83	39.3	154.2	160.9	216.3	251.2	131.4	25.5	61.4	278	314.5	160	2	257	19.02	111.72287142747452	158	81	0.9244	0.233	0.0202	0.0756	0.077	0.9798	0	0.69	0	258	55	1	79	19	29	W
a6	0.0974	0.9026	0	21	42.8	36.2	170.2	53.4	258	158.3	227.6	20.2	241.7	458.9	202	38	235	9.93	115.9655121145938	164	120	0.8952	0.2548	0.2528	0.1048	0.5364	0.7472	0	0.2088	0	244	65	65	0	17	46	W
a11	0.1646	0.8354	0	31	33.7	30.2	44.3	58.7	112.5	148.6	158.6	21.2	177.9	346.9	38	116	234	8.83	55.154328932550705	78	77	0.9032	0.1208	8e-4	0.0968	0.0724	0.0012	0	0.8066	0.998	249	29	0	31	0	7	W
a11	0.3246	0.6754	0	58	155.4	6.5	35.4	314.5	354.4	70.1	43	160.8	126.2	328.5	106	26	185	24.67	56.56854249492381	80	66	0.8354	0.9032	0.1208	0.1646	0.0968	0.0724	0	0	0.8066	234	249	29	31	31	0	W
a6	0.1088	0.8912	0	21	51.2	41.1	47.6	133.6	140.9	155.1	25.7	36.8	319.9	358.6	183	46	235	15.46	96.873629022557	137	114.5	0.9026	0.8952	0.2548	0.0974	0.1048	0.5364	0	0	0.2088	235	244	65	21	0	17	W
a14	0.0384	0.9616	0	99	46.5	63.7	73.3	105.8	240	52.8	197.4	153.8	291.1	334.8	96	2	271	7.3	66.46803743153546	94	49	0.9134	0.9244	0.233	0.0866	0.0756	0.077	0	0	0.69	257	258	55	83	79	19	W
a6	0.0654	0.9346	0	23	47.1	94.9	211.8	120.6	266.2	105.9	26.2	51	186.8	218.8	155	52	250	37.66	72.8319984622144	103	103.5	0.8912	0.9026	0.8952	0.1088	0.0974	0.1048	0	0	0	235	235	244	21	21	0	W
a11	0.10780000000000001	0.8922	0	41	192.3	94.6	52	354.8	398.5	145.7	58.6	154.4	336.2	537.4	210	80	255	31.1	91.92388155425118	130	145	0.6754	0.8354	0.9032	0.3246	0.1646	0.0968	0	0	0	185	234	249	58	31	31	W
a14	0.0302	0.9698	0	99	151.5	44	161.3	346.9	551.7	27.4	53.9	36.2	65.1	143.4	74	1	280	29.17	51.61879502661797	73	37.5	0.9616	0.9134	0.9244	0.0384	0.0866	0.0756	0	0	0	271	257	258	99	83	79	W
a6	0.0508	0.9492	0	16	25.8	30.8	17.9	81	97	26.6	158	173.4	193.1	229.3	139	59	257	15.74	56.56854249492381	80	99	0.9346	0.8912	0.9026	0.0654	0.1088	0.0974	0	0	0	250	235	235	23	21	21	W
a14	0.0462	0.9538	0	99	178.9	221.7	17.6	222.5	460.9	68.2	75.1	154.4	75.1	243.6	44	2	268	7.35	29.69848480983499	42	23	0.9698	0.9616	0.9134	0.0302	0.0384	0.0866	0	0	0	280	271	257	99	99	83	W
a11	0.2834	0.7166	0	46	31.7	78.7	158.5	85.3	263.6	139.6	226.7	167.1	261.7	400.3	174	84	201	6.71	63.63961030678928	90	129	0.8922	0.6754	0.8354	0.10780000000000001	0.3246	0.1646	0	0	0	255	185	234	41	58	31	W
a13	0.5302	0.4698	0	18	11.6	19.1	26.6	24.4	54.6	1204.3	1116.3	1046.5	1377.2	1460.5	8	161	25	28.07	108.18733752154178	153	84.5	0	0	0	0	0	0	0	0	0	0	0	0	0	0	0	GM
a9	0.6868	0.3132	0	27.3	34.1	4.3	42.4	70.8	111	42.7	55.9	27.5	66.4	116.1	14	31	17	25.68	12.020815280171307	17	22.5	0	0	0	0	0	0	0	0	0	0	0	0	0	0	0	W
a13	0.4924	0.5076	0	26.7	12.8	34.2	7	43	79.2	11.6	1202.7	1116.2	1215.9	1388.8	21	74	25	11.63	37.476659402887016	53	47.5	0.4698	0	0	0.5302	0	0	0	0	0	25	0	0	18	0	0	GM
a9	0.6206	0.3794	0	22	36.7	43.6	26.3	76.8	124.5	34.1	58.1	57.1	76.8	100.5	38	26	19	34.12	8.48528137423857	12	32	0.3132	0	0	0.6868	0	0	0	0	0	17	0	0	27.3	0	0	W
a13	0.5748	0.4252	0	34	30.3	8.6	15.8	66.4	88.7	12.8	19.1	1190	24.4	1228.7	14	57	21	12.75	30.405591591021544	43	35.5	0.5076	0.4698	0	0.4924	0.5302	0	0	0	0	25	25	0	26.7	18	0	GM
a9	0.3632	0.6368	0	11.3	40.1	59.5	41.1	87.8	132.5	36.7	4.3	38.9	70.8	113.5	33	40	34	36.7	4.949747468305833	7	36.5	0.3794	0.3132	0	0.6206	0.6868	0	0	0	0	19	17	0	22	27.3	0	W
a12	0.2998	0.7002	0	14.7	33.8	41.6	36.2	69.2	77.1	44.9	33.3	30.1	89.7	149	117	100	34	28.68	12.020815280171307	17	108.5	0	0	0	0	0	0	0	0	0	0	0	0	0	0	0	R
a13	0.5128	0.4872	0	40	36.1	14.5	27.6	58.4	73.6	30.3	34.2	26.6	43	54.6	14	52	25	30.27	26.87005768508881	38	33	0.4252	0.5076	0.4698	0.5748	0.4924	0.5302	0	0	0	21	25	25	34	26.7	18	GM
a9	0.4088	0.5912	0	54.7	47.7	3.2	25.9	92.4	115.3	40.1	43.6	42.4	76.8	111	55	72	31	40.15	12.020815280171307	17	63.5	0.6368	0.3794	0.3132	0.3632	0.6206	0.6868	0	0	0	34	19	17	11.3	22	27.3	GM
a12	0.4538	0.5462	0	52.7	35.4	27.5	40.3	43.4	65.8	33.8	11.3	38.6	78.7	123.4	61	129	28	33.76	48.08326112068523	68	95	0.7002	0	0	0.2998	0	0	0	0	0	34	0	0	14.7	0	0	GM
a13	0.3992	0.6008	0	24	22.3	20.8	15.9	37.4	71.1	36.1	8.6	7	66.4	79.2	16	43	32	36.14	19.091883092036785	27	29.5	0.4872	0.4252	0.5076	0.5128	0.5748	0.4924	0	0	0	25	21	25	40	34	26.7	GM
a9	0.4248	0.5752	0	80	44.7	33.8	17.8	67.7	101.7	47.7	59.5	26.3	87.8	124.5	16	45	30	47.68	20.506096654409877	29	30.5	0.5912	0.6368	0.3794	0.4088	0.3632	0.6206	0	0	0	31	34	19	54.7	11.3	22	GM
a12	0.4932	0.5068	0	80.7	8	19.9	15.3	30.4	65.6	35.4	41.6	38.4	69.2	114.1	120	69	26	35.4	36.06244584051392	51	94.5	0.5462	0.7002	0	0.4538	0.2998	0	0	0	0	28	34	0	52.7	14.7	0	GM
a13	0.5038	0.4962	0	54	15.1	27.8	29.2	48.8	81.7	22.3	14.5	15.8	58.4	88.7	9	56	26	22.27	33.23401871576773	47	32.5	0.6008	0.4872	0.4252	0.3992	0.5128	0.5748	0	0	0	32	25	21	24	40	34	GM
a9	0.5164	0.4836	0	79.3	23	34.6	14.2	57	101.8	44.7	3.2	41.1	92.4	132.5	32	43	25	44.68	7.7781745930520225	11	37.5	0.5752	0.5912	0.6368	0.4248	0.4088	0.3632	0	0	0	30	31	34	80	54.7	11.3	GM
a12	0.6662	0.3338	0	73.3	22.4	15.4	49.2	57.6	111.8	8	27.5	36.2	43.4	77.1	36	125	18	7.99	62.932503525602726	89	80.5	0.5068	0.5462	0.7002	0.4932	0.4538	0.2998	0	0	0	26	28	34	80.7	52.7	14.7	GM
a13	0.4576	0.5424	0	44	33.7	44.1	50.3	66.6	76.8	15.1	20.8	27.6	37.4	73.6	26	82	29	15.14	39.59797974644666	56	54	0.4962	0.6008	0.4872	0.5038	0.3992	0.5128	0	0	0	26	32	25	54	24	40	GM
a9	0.5896	0.4104	0	70.7	34.1	36.7	50.9	78.9	93.1	23	33.8	25.9	67.7	115.3	42	107	20	22.98	45.96194077712559	65	74.5	0.4836	0.5752	0.5912	0.5164	0.4248	0.4088	0	0	0	25	30	31	79.3	80	54.7	GM
a12	0.6678	0.3322	0	84.7	35.2	64.3	62.1	89.4	97.7	22.4	19.9	40.3	30.4	65.8	49	169	17	22.43	84.8528137423857	120	109	0.3338	0.5068	0.5462	0.6662	0.4932	0.4538	0	0	0	18	26	28	73.3	80.7	52.7	GM
a13	0.4074	0.5926	0	35.3	32.9	43	18.4	43.1	70.9	33.7	27.8	15.9	48.8	71.1	27	110	29	33.66	58.68986283848344	83	68.5	0.5424	0.4962	0.6008	0.4576	0.5038	0.3992	0	0	0	29	26	32	44	54	24	G
a9	0.5996	0.4004	0	88	44.8	56.2	21.5	59	95.2	34.1	34.6	17.8	57	101.7	44	53	20	34.06	6.363961030678928	9	48.5	0.4104	0.4836	0.5752	0.5896	0.5164	0.4248	0	0	0	20	25	30	70.7	79.3	80	GM
a12	0.6208	0.3792	0	85.3	54.2	47.9	32.1	62.5	78.3	35.2	15.4	15.3	57.6	65.6	239	77	19	35.18	114.5512985522207	162	158	0.3322	0.3338	0.5068	0.6678	0.6662	0.4932	0	0	0	17	18	26	84.7	73.3	80.7	GM
a13	0.6648	0.3352	0	38.7	10.2	18.9	63.2	38	82.4	32.9	44.1	29.2	66.6	81.7	19	155	16	32.91	96.16652224137046	136	87	0.5926	0.5424	0.4962	0.4074	0.4576	0.5038	0	0	0	29	29	26	35.3	44	54	G
a9	0.8376	0.1624	0	73.3	14.2	23.6	34.9	50.4	72.9	44.8	36.7	14.2	78.9	101.8	36	38	8	44.79	1.4142135623730951	2	37	0.4004	0.4104	0.4836	0.5996	0.5896	0.5164	0	0	0	20	20	25	88	70.7	79.3	GM
a12	0.9438	0.0562	0	72	8.3	22.6	53.2	24.1	68	54.2	64.3	49.2	89.4	111.8	23	134	3	54.18	78.48885271170677	111	78.5	0.3792	0.3322	0.3338	0.6208	0.6678	0.6662	0	0	0	19	17	18	85.3	84.7	73.3	GM
a13	0.8204	0.1796	0	95.3	27.8	72.1	11.8	72.2	139.8	10.2	43	50.3	43.1	76.8	12	6	9	10.21	4.242640687119285	6	9	0.3352	0.5926	0.5424	0.6648	0.4074	0.4576	0	0	0	16	29	29	38.7	35.3	44	GM
a9	0.4806	0.5194	0	86	36.2	49.1	14.5	58.7	100.8	14.2	56.2	50.9	59	93.1	15	4	26	14.22	7.7781745930520225	11	9.5	0.1624	0.4004	0.4104	0.8376	0.5996	0.5896	0	0	0	8	20	20	73.3	88	70.7	G
a12	0.8366	0.1634	0	100	15.8	52.7	23.6	59.7	92.8	8.3	47.9	62.1	62.5	97.7	87	128	8	8.34	28.991378028648448	41	107.5	0.0562	0.3792	0.3322	0.9438	0.6208	0.6678	0	0	0	3	19	17	72	85.3	84.7	G
a13	0.4288	0.5712	0	27.3	44.4	25.4	36.1	112	127.1	27.8	18.9	18.4	38	70.9	16	25	26	27.79	6.363961030678928	9	20.5	0.1796	0.3352	0.5926	0.8204	0.6648	0.4074	0	0	0	9	16	29	95.3	38.7	35.3	G
a9	0.5708	0.4292	0	62.7	22.6	36.3	42.3	64.7	70.7	36.2	23.6	21.5	50.4	95.2	22	40	21	36.17	12.727922061357855	18	31	0.5194	0.1624	0.4004	0.4806	0.8376	0.5996	0	0	0	26	8	20	86	73.3	88	GM
a12	0.5902	0.4098	0	95.3	43.9	24.6	26.6	77	92.3	15.8	22.6	32.1	24.1	78.3	169	32	21	15.77	96.873629022557	137	100.5	0.1634	0.0562	0.3792	0.8366	0.9438	0.6208	0	0	0	8	3	19	100	72	85.3	G
a13	0.6172	0.3828	0	40.7	67.6	80.2	79.5	82.6	85.7	44.4	72.1	63.2	72.2	82.4	12	98	19	44.41	60.81118318204309	86	55	0.5712	0.1796	0.3352	0.4288	0.8204	0.6648	0	0	0	26	9	16	27.3	95.3	38.7	G
a9	0.613	0.387	0	90	42.1	47.3	55.1	48.1	56.5	22.6	49.1	34.9	58.7	72.9	40	67	18	22.56	19.091883092036785	27	53.5	0.4292	0.5194	0.1624	0.5708	0.4806	0.8376	0	0	0	21	26	8	62.7	86	73.3	GM
a12	0.6398	0.3602	0	90.7	33.1	48.4	43.7	48.4	54.3	43.9	52.7	53.2	59.7	68	3	157	18	43.9	108.89444430272832	154	80	0.4098	0.1634	0.0562	0.5902	0.8366	0.9438	0	0	0	21	8	3	95.3	100	72	GM
a13	0.6562	0.3438	0	73.3	15.1	16.1	17.3	18.1	22.4	67.6	25.4	11.8	112	139.8	0	79	17	67.59	55.86143571373726	79	39.5	0.3828	0.5712	0.1796	0.6172	0.4288	0.8204	0	0	0	19	26	9	40.7	27.3	95.3	GM
a9	0.8878	0.1122	0	88	6	14.3	21.2	14.4	32	42.1	36.3	14.5	64.7	100.8	10	29	5	42.1	13.435028842544405	19	19.5	0.387	0.4292	0.5194	0.613	0.5708	0.4806	0	0	0	18	21	26	90	62.7	86	GM
a12	0.8996	0.1004	0	95.3	15.3	11.1	16.6	21.2	31.6	33.1	24.6	23.6	77	92.8	9	42	5	33.14	23.33452377915607	33	25.5	0.3602	0.4098	0.1634	0.6398	0.5902	0.8366	0	0	0	18	21	8	90.7	95.3	100	GM
a13	0.8438	0.1562	0	90	3.1	7.3	0.9	7.4	15.5	15.1	80.2	36.1	82.6	127.1	6	10	8	15.06	2.8284271247461903	4	8	0.3438	0.3828	0.5712	0.6562	0.6172	0.4288	0	0	0	17	19	26	73.3	40.7	27.3	GM
a9	0.9292	0.0708	0	98	8.3	18	6.1	25.9	49.8	6	47.3	42.3	48.1	70.7	14	14	4	6.03	0	0	14	0.1122	0.387	0.4292	0.8878	0.613	0.5708	0	0	0	5	18	21	88	90	62.7	G
a12	0.9196	0.0804	0	92.7	5.9	5.7	8.9	16.3	28.8	15.3	48.4	26.6	48.4	92.3	177	28	4	15.29	105.35891039679558	149	102.5	0.1004	0.3602	0.4098	0.8996	0.6398	0.5902	0	0	0	5	18	21	95.3	90.7	95.3	G
a13	0.9412	0.0588	0	99.3	4.3	4	6.2	12.4	21	3.1	16.1	79.5	18.1	85.7	10	2	3	3.09	5.656854249492381	8	6	0.1562	0.3438	0.3828	0.8438	0.6562	0.6172	0	0	0	8	17	19	90	73.3	40.7	G
a9	0.942	0.058	0	94	17.6	10.3	24.1	41.5	55.4	8.3	14.3	55.1	14.4	56.5	2	5	3	8.33	2.1213203435596424	3	3.5	0.0708	0.1122	0.387	0.9292	0.8878	0.613	0	0	0	4	5	18	98	88	90	G
a12	0.9128	0.0872	0	99.3	10.5	12.6	15.5	23	34.5	5.9	11.1	43.7	21.2	54.3	139	6	4	5.88	94.04520189781084	133	72.5	0.0804	0.1004	0.3602	0.9196	0.8996	0.6398	0	0	0	4	5	18	92.7	95.3	90.7	G
a13	0.9228	0.0772	0	100	8.2	4.7	14.4	16.7	26.4	4.3	7.3	17.3	7.4	22.4	8	0	4	4.27	5.656854249492381	8	4	0.0588	0.1562	0.3438	0.9412	0.8438	0.6562	0	0	0	3	8	17	99.3	90	73.3	G
a9	0.9054	0.0946	0	100	23.9	34.1	40.1	37.8	45.9	17.6	18	21.2	25.9	32	0	0	5	17.62	0	0	0	0.058	0.0708	0.1122	0.942	0.9292	0.8878	0	0	0	3	4	5	94	98	88	G
a12	0.925	0.075	0	100	12.5	6.4	9	24	27.6	10.5	5.7	16.6	16.3	31.6	162	3	4	10.45	112.42997820866104	159	82.5	0.0872	0.0804	0.1004	0.9128	0.9196	0.8996	0	0	0	4	4	5	99.3	92.7	95.3	G
a13	0.8462	0.1538	0	90	8.5	16.1	52	18.2	54.8	8.2	4	0.9	12.4	15.5	4	19	7	8.15	10.606601717798211	15	11.5	0.0772	0.0588	0.1562	0.9228	0.9412	0.8438	0	0	0	4	3	8	100	99.3	90	G
a12	0.9756	0.0244	0	98.7	11.5	9.2	30.4	15.1	47.5	12.5	12.6	8.9	23	28.8	89	135	1	12.51	32.526911934581186	46	112	0.075	0.0872	0.0804	0.925	0.9128	0.9196	0	0	0	4	4	4	100	99.3	92.7	G
a9	0.805	0.195	0	100	13.9	21.9	38	22	47.4	23.9	10.3	6.1	41.5	49.8	4	1	10	23.88	2.1213203435596424	3	2.5	0.0946	0.058	0.0708	0.9054	0.942	0.9292	0	0	0	5	3	4	100	94	98	G
a13	0.896	0.104	0	95.3	9.7	46.2	44.3	46.3	66.4	8.5	4.7	6.2	16.7	21	2	12	5	8.53	7.0710678118654755	10	7	0.1538	0.0772	0.0588	0.8462	0.9228	0.9412	0	0	0	7	4	3	90	100	99.3	G
a9	0.7948	0.2052	0	94.7	8.1	29.6	36	33.4	42.1	13.9	34.1	24.1	37.8	55.4	18	10	10	13.94	5.656854249492381	8	14	0.195	0.0946	0.058	0.805	0.9054	0.942	0	0	0	10	5	3	100	100	94	G
a12	0.9386	0.0614	0	100	3.5	30.5	47.3	36	56.7	11.5	6.4	15.5	24	34.5	153	0	3	11.52	108.18733752154178	153	76.5	0.0244	0.075	0.0872	0.9756	0.925	0.9128	0	0	0	1	4	4	98.7	100	99.3	G
a13	0.7168	0.2832	0	74	36.6	35.4	39.3	56.6	89.6	9.7	16.1	14.4	18.2	26.4	14	15	13	9.71	0.7071067811865476	1	14.5	0.104	0.1538	0.0772	0.896	0.8462	0.9228	0	0	0	5	7	4	95.3	90	100	G
a9	0.632	0.368	0	53.3	25.3	32.9	30.1	34	62.2	8.1	21.9	40.1	22	45.9	38	52	17	8.08	9.899494936611664	14	45	0.2052	0.195	0.0946	0.7948	0.805	0.9054	0	0	0	10	10	5	94.7	100	100	G
a12	0.78	0.22	0	100	32.4	50.1	41	53.2	87.6	3.5	9.2	9	15.1	27.6	85	129	12	3.54	31.11269837220809	44	107	0.0614	0.0244	0.075	0.9386	0.9756	0.925	0	0	0	3	1	4	100	98.7	100	G
a9	0.5508	0.4492	0	74.7	8.7	21.4	24.1	36.8	39.6	25.3	29.6	38	33.4	47.4	34	79	22	25.35	31.81980515339464	45	56.5	0.368	0.2052	0.195	0.632	0.7948	0.805	0	0	0	17	10	10	53.3	94.7	100	G
a13	0.5476	0.4524	0	24.7	20.1	13.2	26.2	53.1	69.3	36.6	46.2	52	46.3	54.8	20	52	22	36.55	22.62741699796952	32	36	0.2832	0.104	0.1538	0.7168	0.896	0.8462	0	0	0	13	5	7	74	95.3	90	GM
a12	0.5866	0.4134	0	95.3	20.7	19.2	30.9	55.1	67.1	32.4	30.5	30.4	36	47.5	152	26	21	32.45	89.09545442950498	126	89	0.22	0.0614	0.0244	0.78	0.9386	0.9756	0	0	0	12	3	1	100	100	98.7	G
a13	0.5706	0.4294	0	63.3	33	42.5	43.2	49.2	81.9	20.1	35.4	44.3	56.6	66.4	4	88	21	20.1	59.39696961966999	84	46	0.4524	0.2832	0.104	0.5476	0.7168	0.896	0	0	0	22	13	5	24.7	74	95.3	GM
a9	0.6756	0.3244	0	91.3	28.1	30.9	40.7	30.9	67.4	8.7	32.9	36	34	42.1	12	38	16	8.68	18.384776310850235	26	25	0.4492	0.368	0.2052	0.5508	0.632	0.7948	0	0	0	22	17	10	74.7	53.3	94.7	GM
a12	0.5886	0.4114	0	87.3	34.4	43.3	42.2	46.3	67.7	20.7	50.1	47.3	53.2	56.7	233	72	21	20.75	113.84419177103416	161	152.5	0.4134	0.22	0.0614	0.5866	0.78	0.9386	0	0	0	21	12	3	95.3	100	100	GM
a13	0.527	0.473	0	42	16.2	41.9	56.9	49	68.7	33	13.2	39.3	53.1	89.6	40	42	23	32.96	1.4142135623730951	2	41	0.4294	0.4524	0.2832	0.5706	0.5476	0.7168	0	0	0	21	22	13	63.3	24.7	74	GM
a9	0.535	0.465	0	82	2.8	35.7	54	39.3	57.8	28.1	21.4	30.1	36.8	62.2	11	38	23	28.15	19.091883092036785	27	24.5	0.3244	0.4492	0.368	0.6756	0.5508	0.632	0	0	0	16	22	17	91.3	74.7	53.3	GM
a12	0.7206	0.2794	0	92.7	12	13.7	37.1	33.3	57	34.4	19.2	41	55.1	87.6	227	62	13	34.36	116.67261889578036	165	144.5	0.4114	0.4134	0.22	0.5886	0.5866	0.78	0	0	0	21	21	12	87.3	95.3	100	GM
a13	0.6238	0.3762	0	26	32.7	43.7	44.4	52.5	55.7	16.2	42.5	26.2	49.2	69.3	14	37	17	16.23	16.263455967290593	23	25.5	0.473	0.4294	0.4524	0.527	0.5706	0.5476	0	0	0	23	21	22	42	63.3	24.7	GM
a9	0.6584	0.3416	0	71.3	36.5	54.6	57	55.1	66.7	2.8	30.9	24.1	30.9	39.6	72	82	18	2.76	7.0710678118654755	10	77	0.465	0.3244	0.4492	0.535	0.6756	0.5508	0	0	0	23	16	22	82	91.3	74.7	GM
a12	0.8154	0.1846	0	84.7	21.4	44.5	42.7	45	50.5	12	43.3	30.9	46.3	67.1	215	74	9	11.97	99.7020561473032	141	144.5	0.2794	0.4114	0.4134	0.7206	0.5886	0.5866	0	0	0	13	21	21	92.7	87.3	95.3	GM
a13	0.7518	0.2482	0	63.3	19.8	18.2	18.5	23	30.6	32.7	41.9	43.2	49	81.9	12	24	12	32.73	8.48528137423857	12	18	0.3762	0.473	0.4294	0.6238	0.527	0.5706	0	0	0	17	23	21	26	42	63.3	GM
a9	0.7974	0.2026	0	82.7	18.6	24.7	17.1	30.2	43.9	36.5	35.7	40.7	39.3	67.4	34	38	9	36.5	2.8284271247461903	4	36	0.3416	0.465	0.3244	0.6584	0.535	0.6756	0	0	0	18	23	16	71.3	82	91.3	G
a12	0.802	0.198	0	96	23.7	23	24.4	29.2	41.3	21.4	13.7	42.2	33.3	67.7	177	28	10	21.36	105.35891039679558	149	102.5	0.1846	0.2794	0.4114	0.8154	0.7206	0.5886	0	0	0	9	13	21	84.7	92.7	87.3	G
a13	0.805	0.195	0	85.3	3.2	5.4	13.9	10.8	19.7	19.8	43.7	56.9	52.5	68.7	10	28	10	19.78	12.727922061357855	18	19	0.2482	0.3762	0.473	0.7518	0.6238	0.527	0	0	0	12	17	23	63.3	26	42	GM
a12	0.9334	0.0666	0	98	5.5	17.6	21.3	17.6	21.9	23.7	44.5	37.1	45	57	177	16	4	23.67	113.84419177103416	161	96.5	0.198	0.1846	0.2794	0.802	0.8154	0.7206	0	0	0	10	9	13	96	84.7	92.7	G
a9	0.9296	0.0704	0	94.7	11.6	2.3	5.2	25.4	32	18.6	54.6	54	55.1	57.8	14	14	3	18.56	0	0	14	0.2026	0.3416	0.465	0.7974	0.6584	0.535	0	0	0	9	18	23	82.7	71.3	82	G
a13	0.9258	0.0742	0	99.3	7.6	15.3	51.7	16.5	53.1	3.2	18.2	44.4	23	55.7	4	3	3	3.19	0.7071067811865476	1	3.5	0.195	0.2482	0.3762	0.805	0.7518	0.6238	0	0	0	10	12	17	85.3	63.3	26	G
a9	0.9464	0.0536	0	100	13.8	8.1	63.6	20.4	79.7	11.6	24.7	57	30.2	66.7	0	0	3	11.63	0	0	0	0.0704	0.2026	0.3416	0.9296	0.7974	0.6584	0	0	0	3	9	18	94.7	82.7	71.3	G
a12	0.895	0.105	0	100	12.2	16	45.3	16.5	51.8	5.5	23	42.7	29.2	50.5	64	0	5	5.48	45.254833995939045	64	32	0.0666	0.198	0.1846	0.9334	0.802	0.8154	0	0	0	4	10	9	98	96	84.7	G
a9	0.9522	0.0478	0	97.3	6.6	61.1	41.6	66	110.7	13.8	2.3	17.1	25.4	43.9	16	4	2	13.76	8.48528137423857	12	10	0.0536	0.0704	0.2026	0.9464	0.9296	0.7974	0	0	0	3	3	9	100	94.7	82.7	G
a12	0.9466	0.0534	0	98.7	4.3	38.8	63.6	39.6	97.9	12.2	17.6	24.4	17.6	41.3	159	12	3	12.16	103.94469683442249	147	85.5	0.105	0.0666	0.198	0.895	0.9334	0.802	0	0	0	5	4	10	100	98	96	G
a13	0.8744	0.1256	0	92	8.9	45.5	47	45.5	95.2	7.6	5.4	18.5	10.8	30.6	10	22	6	7.63	8.48528137423857	12	16	0.0742	0.195	0.2482	0.9258	0.805	0.7518	0	0	0	3	10	12	99.3	85.3	63.3	G
a9	0.5634	0.4366	0	98.7	59.3	45.2	30.1	104.1	149	6.6	8.1	5.2	20.4	32	12	3	22	6.63	6.363961030678928	9	7.5	0.0478	0.0536	0.0704	0.9522	0.9464	0.9296	0	0	0	2	3	3	97.3	100	94.7	G
a13	0.778	0.222	0	74	36.7	43.1	25.2	86.4	110	8.9	15.3	13.9	16.5	19.7	9	27	10	8.85	12.727922061357855	18	18	0.1256	0.0742	0.195	0.8744	0.9258	0.805	0	0	0	6	3	10	92	99.3	85.3	G
a12	0.7372	0.2628	0	99.3	35.3	64.4	34.2	93.6	127.9	4.3	16	21.3	16.5	21.9	171	4	13	4.3	118.08683245815344	167	87.5	0.0534	0.105	0.0666	0.9466	0.895	0.9334	0	0	0	3	5	4	98.7	100	98	G
a13	0.5082	0.4918	0	25.3	49.7	49.1	27.5	73.4	116.1	36.7	45.5	51.7	45.5	53.1	37	52	24	36.66	10.606601717798211	15	44.5	0.222	0.1256	0.0742	0.778	0.8744	0.9258	0	0	0	10	6	3	74	92	99.3	GM
a9	0.5484	0.4516	0	64.7	44.8	33.3	38.6	89.7	123.4	59.3	61.1	63.6	66	79.7	32	27	22	59.34	3.5355339059327378	5	29.5	0.4366	0.0478	0.0536	0.5634	0.9522	0.9464	0	0	0	22	2	3	98.7	97.3	100	G
a12	0.506	0.494	0	97.3	58.3	46.5	49.5	92.5	101.1	35.3	38.8	45.3	39.6	51.8	187	24	26	35.34	115.25840533340724	163	105.5	0.2628	0.0534	0.105	0.7372	0.9466	0.895	0	0	0	13	3	5	99.3	98.7	100	G
a13	0.5484	0.4516	0	48	23.7	55.9	57.1	66.4	100.5	49.7	43.1	47	86.4	95.2	12	47	23	49.7	24.748737341529164	35	29.5	0.4918	0.222	0.1256	0.5082	0.778	0.8744	0	0	0	24	10	6	25.3	74	92	GM
a9	0.7838	0.2162	0	85.3	44.9	11.3	38.4	78.7	114.1	44.8	45.2	41.6	104.1	110.7	44	49	11	44.78	3.5355339059327378	5	46.5	0.4516	0.4366	0.0478	0.5484	0.5634	0.9522	0	0	0	22	22	2	64.7	98.7	97.3	GM
a12	0.7418	0.2582	0	90.7	34.2	42.5	47	42.8	47.5	58.3	64.4	63.6	93.6	97.9	18	33	13	58.3	10.606601717798211	15	25.5	0.494	0.2628	0.0534	0.506	0.7372	0.9466	0	0	0	26	13	3	97.3	99.3	98.7	GM
a12	0.9122	0.0878	0	99.3	8.5	12.8	14.3	13.3	17.6	34.2	46.5	34.2	92.5	127.9	216	9	4	34.23	146.37110370561533	207	112.5	0.2582	0.494	0.2628	0.7418	0.506	0.7372	0	0	0	13	26	13	90.7	97.3	99.3	G
a13	0.8142	0.1858	0	69.3	42.7	58.1	38.9	76.8	113.5	23.7	49.1	25.2	73.4	110	3	28	9	23.65	17.67766952966369	25	15.5	0.4516	0.4918	0.222	0.5484	0.5082	0.778	0	0	0	23	24	10	48	25.3	74	GM
a12	0.9696	0.0304	0	100	4.7	5.9	11.5	9.1	21.2	8.5	42.5	49.5	42.8	101.1	182	2	1	8.53	127.27922061357856	180	92	0.0878	0.2582	0.494	0.9122	0.7418	0.506	0	0	0	4	13	26	99.3	90.7	97.3	G
a12	0.9392	0.0608	0	100	4.4	8	9.8	16.5	18.7	4.7	12.8	47	13.3	47.5	142	0	3	4.74	100.40916292848976	142	71	0.0304	0.0878	0.2582	0.9696	0.9122	0.7418	0	0	0	1	4	13	100	99.3	90.7	G
a12	0.9042	0.0958	0	100	12.1	14	35.2	14.4	50.7	4.4	5.9	14.3	9.1	17.6	132	2	4	4.37	91.92388155425118	130	67	0.0608	0.0304	0.0878	0.9392	0.9696	0.9122	0	0	0	3	1	4	100	100	99.3	G
a12	0.9052	0.0948	0	99.3	2.2	37	64.8	38.6	86.3	12.1	8	11.5	16.5	21.2	177	4	4	12.13	122.32947314527271	173	90.5	0.0958	0.0608	0.0304	0.9042	0.9392	0.9696	0	0	0	4	3	1	100	100	100	G
a12	0.8992	0.1008	0	99.3	36.4	62.9	51.6	84.1	109.2	2.2	14	9.8	14.4	18.7	144	2	5	2.23	100.40916292848976	142	73	0.0948	0.0958	0.0608	0.9052	0.9042	0.9392	0	0	0	4	4	3	99.3	100	100	G
a5	0.6645	0.3355	0	63.3	37.5	33.1	28.9	107.7	118.5	18	39.7	48	40.9	52.5	33	68	18	82.47	24.748737341529164	35	50.5	0	0	0	0	0	0	0	0	0	0	0	0	0	0	0	GM
a5	0.676	0.324	0	78.7	70.2	66.4	25	80.9	122.4	37.5	30.8	25.9	55.5	78.4	58	105	17	37.54	33.23401871576773	47	81.5	0.3355	0	0	0.6645	0	0	0	0	0	18	0	0	63.3	0	0	GM
a5	0.5604	0.4396	0	90	10.8	46	76.3	52.3	85.2	70.2	33.1	48.3	107.7	125.7	34	60	23	70.15	18.384776310850235	26	47	0.324	0.3355	0	0.676	0.6645	0	0	0	0	17	18	0	78.7	63.3	0	GM
a5	0.762	0.238	0	98.7	41.5	73.5	76.4	74.4	106.7	10.8	66.4	28.9	80.9	118.5	19	1	12	10.79	12.727922061357855	18	10	0.4396	0.324	0.3355	0.5604	0.676	0.6645	0	0	0	23	17	18	90	78.7	63.3	G
a5	0.7698	0.2302	0	94	32.9	38.7	6.1	65.2	97.9	41.5	46	25	52.3	122.4	60	42	11	41.48	12.727922061357855	18	51	0.238	0.4396	0.324	0.762	0.5604	0.676	0	0	0	12	23	17	98.7	90	78.7	G
a5	0.7088	0.2912	0	86	32.3	29.4	42.3	65	80.4	32.9	73.5	76.3	74.4	85.2	38	35	15	32.89	2.1213203435596424	3	36.5	0.2302	0.238	0.4396	0.7698	0.762	0.5604	0	0	0	11	12	23	94	98.7	90	G
a5	0.7648	0.2352	0	67.3	32.7	47.4	71.2	48.1	73.7	32.3	38.7	76.4	65.2	106.7	50	42	12	32.3	5.656854249492381	8	46	0.2912	0.2302	0.238	0.7088	0.7698	0.762	0	0	0	15	11	12	86	94	98.7	G
a5	0.743	0.257	0	90.7	15.5	38.6	52.4	41	56.2	32.7	29.4	6.1	65	97.9	28	62	12	32.66	24.041630560342615	34	45	0.2352	0.2912	0.2302	0.7648	0.7088	0.7698	0	0	0	12	15	11	67.3	86	94	G
a5	0.8146	0.1854	0	98.7	25.5	40.4	36.9	40.7	44.5	15.5	47.4	42.3	48.1	80.4	32	6	9	15.47	18.384776310850235	26	19	0.257	0.2352	0.2912	0.743	0.7648	0.7088	0	0	0	12	12	15	90.7	67.3	86	G
a5	0.6644	0.3356	0	80.7	15.2	11.9	12.4	18.9	42.6	25.5	38.6	71.2	41	73.7	22	18	18	25.55	2.8284271247461903	4	20	0.1854	0.257	0.2352	0.8146	0.743	0.7648	0	0	0	9	12	12	98.7	90.7	67.3	GM
a5	0.7998	0.2002	0	94.7	3.8	26.3	43.8	27.4	51.5	15.2	40.4	52.4	40.7	56.2	26	19	10	15.16	4.949747468305833	7	22.5	0.3356	0.1854	0.257	0.6644	0.8146	0.743	0	0	0	18	9	12	80.7	98.7	90.7	G
a5	0.8554	0.1446	0	97.3	23.7	42.7	40.2	47.8	50.7	3.8	11.9	36.9	18.9	44.5	18	16	6	3.77	1.4142135623730951	2	17	0.2002	0.3356	0.1854	0.7998	0.6644	0.8146	0	0	0	10	18	9	94.7	80.7	98.7	G
a5	0.68	0.32	0	94.7	24.1	21.2	30	27	60.8	23.7	26.3	12.4	27.4	42.6	9	16	16	23.65	4.949747468305833	7	12.5	0.1446	0.2002	0.3356	0.8554	0.7998	0.6644	0	0	0	6	10	18	97.3	94.7	80.7	G
a5	0.8988	0.1012	0	96	2.9	35.4	40.7	36.7	42	24.1	42.7	43.8	47.8	51.5	28	11	5	24.1	12.020815280171307	17	19.5	0.32	0.1446	0.2002	0.68	0.8554	0.7998	0	0	0	16	6	10	94.7	97.3	94.7	G
a5	0.9028	0.0972	0	100	33.7	39	64	39.1	64.3	2.9	21.2	40.2	27	50.7	48	2	5	2.93	32.526911934581186	46	25	0.1012	0.32	0.1446	0.8988	0.68	0.8554	0	0	0	5	16	6	96	94.7	97.3	G
a5	0.7654	0.2346	0	94	5.3	30.4	69	30.6	77.2	33.7	35.4	30	36.7	60.8	48	15	12	33.73	23.33452377915607	33	31.5	0.0972	0.1012	0.32	0.9028	0.8988	0.68	0	0	0	5	5	16	100	96	94.7	G
a5	0.9208	0.0792	0	99.3	25.3	65.6	1.9	71.9	138.2	5.3	39	40.7	39.1	42	35	2	4	5.32	23.33452377915607	33	18.5	0.2346	0.0972	0.1012	0.7654	0.9028	0.8988	0	0	0	12	5	5	94	100	96	G
a5	0.8412	0.1588	0	100	46.6	25	50.3	112.9	138.4	25.3	30.4	64	30.6	64.3	43	8	8	25.27	24.748737341529164	35	25.5	0.0792	0.2346	0.0972	0.9208	0.7654	0.9028	0	0	0	4	12	5	99.3	94	100	G
a5	0.9126	0.0874	0	100	66.4	87.2	106.4	91.8	113.3	46.6	65.6	69	71.9	77.2	9	0	4	46.58	6.363961030678928	9	4.5	0.1588	0.0792	0.2346	0.8412	0.9208	0.7654	0	0	0	8	4	12	100	99.3	94	G
a5	0.7984	0.2016	0	100	25.5	46.9	47.5	46.9	48.5	66.4	25	1.9	112.9	138.2	32	0	10	66.36	22.62741699796952	32	16	0.0874	0.1588	0.0792	0.9126	0.8412	0.9208	0	0	0	4	8	4	100	100	99.3	G
a5	0.8534	0.1466	0	95.3	21.4	22.1	32.3	23	35.6	25.5	87.2	50.3	91.8	138.4	18	18	7	25.49	0	0	18	0.2016	0.0874	0.1588	0.7984	0.9126	0.8412	0	0	0	10	4	8	100	100	100	G
a5	0.8784	0.1216	0	98.7	1.6	14.1	10.4	14.2	38.7	21.4	46.9	106.4	46.9	113.3	13	5	6	21.41	5.656854249492381	8	9	0.1466	0.2016	0.0874	0.8534	0.7984	0.9126	0	0	0	7	10	4	95.3	100	100	G
a5	0.886	0.114	0	97.3	12.6	11.9	41.8	37.1	73.2	1.6	22.1	47.5	23	48.5	45	6	5	1.58	27.577164466275352	39	25.5	0.1216	0.1466	0.2016	0.8784	0.8534	0.7984	0	0	0	6	7	10	98.7	95.3	100	G
a5	0.8798	0.1202	0	97.3	24.5	50.9	58.5	60.6	68.5	12.6	14.1	32.3	14.2	35.6	30	132	6	12.61	72.12489168102785	102	81	0.114	0.1216	0.1466	0.886	0.8784	0.8534	0	0	0	5	6	7	97.3	98.7	95.3	G
a5	0.8974	0.1026	0	100	36.1	42.2	62.9	44	66	24.5	11.9	10.4	37.1	38.7	13	1	5	24.51	8.48528137423857	12	7	0.1202	0.114	0.1216	0.8798	0.886	0.8784	0	0	0	6	5	6	97.3	97.3	98.7	G
a5	0.7434	0.2566	0	94	8	29.8	43.2	29.9	44	36.1	50.9	41.8	60.6	73.2	50	13	14	36.05	26.16295090390226	37	31.5	0.1026	0.1202	0.114	0.8974	0.8798	0.886	0	0	0	5	6	5	100	97.3	97.3	G
a5	0.9084	0.0916	0	100	21.9	35.6	27.4	36	50.1	8	42.2	58.5	44	68.5	46	1	5	7.97	31.81980515339464	45	23.5	0.2566	0.1026	0.1202	0.7434	0.8974	0.8798	0	0	0	14	5	6	94	100	97.3	G
a5	0.8476	0.1524	0	99.3	14	13	19.4	28.2	49.5	21.9	29.8	62.9	29.9	66	54	8	8	21.95	32.526911934581186	46	31	0.0916	0.2566	0.1026	0.9084	0.7434	0.8974	0	0	0	5	14	5	100	94	100	G
a5	0.8388	0.1612	0	100	14.1	31.7	45.7	35.5	49.4	14	35.6	43.2	36	44	58	2	8	14.04	39.59797974644666	56	30	0.1524	0.0916	0.2566	0.8476	0.9084	0.7434	0	0	0	8	5	14	99.3	100	94	G
a5	0.8018	0.1982	0	98.7	21.4	34.6	61.2	35.3	62.7	14.1	13	27.4	28.2	50.1	26	6	10	14.12	14.142135623730953	20	16	0.1612	0.1524	0.0916	0.8388	0.8476	0.9084	0	0	0	8	8	5	100	99.3	100	G
a5	0.8136	0.1864	0	95.3	14	39.8	43	41.4	44.7	21.4	31.7	19.4	35.5	49.5	46	18	9	21.35	19.79898987322333	28	32	0.1982	0.1612	0.1524	0.8018	0.8388	0.8476	0	0	0	10	8	8	98.7	100	99.3	G
a5	0.8046	0.1954	0	100	27.4	30.3	31.6	30.7	41.4	14	34.6	45.7	35.3	49.4	12	2	10	13.95	7.0710678118654755	10	7	0.1864	0.1982	0.1612	0.8136	0.8018	0.8388	0	0	0	9	10	8	95.3	98.7	100	G
a5	0.9018	0.0982	0	97.3	3.3	12.4	9.2	14	18	27.4	39.8	61.2	41.4	62.7	28	7	5	27.41	14.849242404917495	21	17.5	0.1954	0.1864	0.1982	0.8046	0.8136	0.8018	0	0	0	10	9	10	100	95.3	98.7	G
a5	0.9148	0.0852	0	99.3	10.7	7	23.9	14.7	36	3.3	30.3	43	30.7	44.7	42	4	4	3.3	26.87005768508881	38	23	0.0982	0.1954	0.1864	0.9018	0.8046	0.8136	0	0	0	5	10	9	97.3	100	95.3	G
a5	0.9212	0.0788	0	96.7	4	19	58.3	25.3	64.8	10.7	12.4	31.6	14	41.4	40	7	4	10.71	23.33452377915607	33	23.5	0.0852	0.0982	0.1954	0.9148	0.9018	0.8046	0	0	0	4	5	10	99.3	97.3	100	G
a7	1.022	0.9866	0.0134	64	21.3	60	46.4	60.8	86.6	4	7	9.2	14.7	18	4	4	9	57.67	0	0	4	0	0	0	0	0	0	0	0	0	0	0	0	0	0	0	R
a7	0.794	0.88	0.12	30	39.5	25.9	10.7	65.3	80.9	21.3	19	23.9	25.3	36	58	44	23	21.29	9.899494936611664	14	51	0.9866	0	0	1.022	0	0	0.0134	0	0	9	0	0	64	0	0	GM
a16	0.4654	0.5346	0	52.7	19.7	14.1	20.9	52.6	60.2	7.1	4.1	28.3	13.1	37.3	192	71	28	49.5	85.55992052357225	121	131.5	0	0	0	0	0	0	0	0	0	0	0	0	0	0	0	GM
a7	0.304	0.9966	0.0034	47.3	25.9	30.6	24	41.4	56.1	39.5	60	58.3	60.8	64.8	78	34	10	39.48	31.11269837220809	44	56	0.88	0.9866	0	0.794	1.022	0	0.12	0.0134	0	23	9	0	30	64	0	GM
a16	0.6826	0.3174	0	68	33	40.3	34.8	40.5	61.7	19.7	23.8	23.8	26.8	32.8	247	121	15	19.68	89.09545442950498	126	184	0.5346	0	0	0.4654	0	0	0	0	0	28	0	0	52.7	0	0	GM
a7	0.22	1	0	48	15.5	24.4	29.4	30.2	63.6	25.9	25.9	46.4	65.3	86.6	62	25	12	25.85	26.16295090390226	37	43.5	0.9966	0.88	0.9866	0.304	0.794	1.022	0.0034	0.12	0.0134	10	23	9	47.3	30	64	GM
a16	0.705	0.295	0	83.3	7.6	20.4	32.7	28.7	70.1	33	14.1	15.6	52.6	59.8	22	82	14	32.96	42.42640687119285	60	52	0.3174	0.5346	0	0.6826	0.4654	0	0	0	0	15	28	0	68	52.7	0	G
a7	0.174	0.9966	0.0034	44	14.7	37.8	45.2	48	55.9	15.5	30.6	10.7	41.4	80.9	73	60	8	15.53	9.192388155425116	13	66.5	1	0.9966	0.88	0.22	0.304	0.794	0	0.0034	0.12	12	10	23	48	47.3	30	GM
a16	0.6866	0.3134	0	66.7	21.2	40.3	44.9	62.5	67.7	7.6	40.3	20.9	40.5	60.2	219	99	15	7.58	84.8528137423857	120	159	0.295	0.3174	0.5346	0.705	0.6826	0.4654	0	0	0	14	15	28	83.3	68	52.7	GM
a7	0.128	1	0	78.7	33.3	41.2	27.6	41.2	67.9	14.7	24.4	24	30.2	56.1	149	37	7	14.71	79.19595949289332	112	93	0.9966	1	0.9966	0.174	0.22	0.304	0.0034	0	0.0034	8	12	10	44	48	47.3	G
a16	0.6702	0.3298	0	68.7	41.3	44.2	31	46.5	71.3	21.2	20.4	34.8	28.7	61.7	41	68	15	21.15	19.091883092036785	27	54.5	0.3134	0.295	0.3174	0.6866	0.705	0.6826	0	0	0	15	14	15	66.7	83.3	68	G
a7	0.208	0.9966	0.0034	57.3	7.9	21.4	29.5	34.6	50.7	33.3	37.8	29.4	48	63.6	96	27	10	33.33	48.79036790187178	69	61.5	1	0.9966	1	0.128	0.174	0.22	0	0.0034	0	7	8	12	78.7	44	48	G
a16	0.6266	0.3734	0	57.3	5.2	25.9	32.1	29.9	43.7	41.3	40.3	32.7	62.5	70.1	52	116	18	41.34	45.254833995939045	64	84	0.3298	0.3134	0.295	0.6702	0.6866	0.705	0	0	0	15	15	14	68.7	66.7	83.3	G
a7	0.022	1	0	83.3	26.7	36.9	41	42.8	50.2	7.9	41.2	45.2	41.2	55.9	136	24	3	7.9	79.19595949289332	112	80	0.9966	1	0.9966	0.208	0.128	0.174	0.0034	0	0.0034	10	7	8	57.3	78.7	44	G
a16	0.9158	0.0842	0	96	24.8	33.1	36.5	38.6	45.7	5.2	44.2	44.9	46.5	67.7	123	136	4	5.16	9.192388155425116	13	129.5	0.3734	0.3298	0.3134	0.6266	0.6702	0.6866	0	0	0	18	15	15	57.3	68.7	66.7	G
a7	0.084	1	0	94	16.1	23.2	33.7	23.5	34.4	26.7	21.4	27.6	34.6	67.9	121	22	7	26.69	70.0035713374682	99	71.5	1	0.9966	1	0.022	0.208	0.128	0	0.0034	0	3	10	7	83.3	57.3	78.7	G
a16	0.667	0.333	0	92	13.8	20.5	34.2	21	34.9	24.8	25.9	31	29.9	71.3	2	36	16	24.78	24.041630560342615	34	19	0.0842	0.3734	0.3298	0.9158	0.6266	0.6702	0	0	0	4	18	15	96	57.3	68.7	G
a7	0.172	1	0	48.7	7.5	18.3	34.3	18.3	34.4	16.1	36.9	29.5	42.8	50.7	77	44	7	16.07	23.33452377915607	33	60.5	1	1	0.9966	0.084	0.022	0.208	0	0	0.0034	7	3	10	94	83.3	57.3	G
a16	0.8042	0.1958	0	76	7.2	21.1	38	21.1	40.1	13.8	33.1	32.1	38.6	43.7	19	80	8	13.78	43.1335136523794	61	49.5	0.333	0.0842	0.3734	0.667	0.9158	0.6266	0	0	0	16	4	18	92	96	57.3	G
a7	0	0.9734	0.0266	100	10.9	26.9	27.9	26.9	28	7.5	23.2	41	23.5	50.2	40	1	0	7.46	27.577164466275352	39	20.5	1	1	1	0.172	0.084	0.022	0	0	0	7	7	3	48.7	94	83.3	G
a16	0.8846	0.1154	0	98	13.9	31.1	39.8	32.9	41.7	7.2	20.5	36.5	21	45.7	238	9	5	7.17	161.92745289171938	229	123.5	0.1958	0.333	0.0842	0.8042	0.667	0.9158	0	0	0	8	16	4	76	92	96	G
a7	0.034	0.9932	0.0068	98	16	17.1	31	17.1	32.9	10.9	18.3	33.7	18.3	34.4	131	4	3	10.87	89.80256121069154	127	67.5	0.9734	1	1	0	0.172	0.084	0.0266	0	0	0	7	7	100	48.7	94	G
a16	0.8434	0.1566	0	95.3	19	27.3	26.1	27.7	50.6	13.9	21.1	34.2	21.1	34.9	251	24	7	13.94	160.51323932934628	227	137.5	0.1154	0.1958	0.333	0.8846	0.8042	0.667	0	0	0	5	8	16	98	76	92	G
a7	0.074	0.9966	0.0034	95.3	1.1	16.8	18	16.9	35.2	16	26.9	34.3	26.9	34.4	167	16	5	16.02	106.77312395916869	151	91.5	0.9932	0.9734	1	0.034	0	0.172	0.0068	0.0266	0	3	0	7	98	100	48.7	G
a16	0.8076	0.1924	0	86	8.7	18.2	18.5	31.6	34.3	19	31.1	38	32.9	40.1	11	34	8	18.98	16.263455967290593	23	22.5	0.1566	0.1154	0.1958	0.8434	0.8846	0.8042	0	0	0	7	5	8	95.3	98	76	G
a16	0.852	0.148	0	94.7	22.9	24.1	42	25.6	44	8.7	27.3	39.8	27.7	41.7	6	12	7	8.74	4.242640687119285	6	9	0.1924	0.1566	0.1154	0.8076	0.8434	0.8846	0	0	0	8	7	5	86	95.3	98	G
a7	0.1	1	0	98.7	15.8	17.9	33.8	34.1	54.8	1.1	17.1	27.9	17.1	28	144	5	1	1.12	98.2878425849301	139	74.5	0.9966	0.9932	0.9734	0.074	0.034	0	0.0034	0.0068	0.0266	5	3	0	95.3	98	100	G
a7	0.142	0.84	0.16	94.7	18.3	39	53.9	39	54.6	15.8	16.8	31	16.9	32.9	206	10	4	15.77	138.59292911256333	196	108	1	0.9966	0.9932	0.1	0.074	0.034	0	0.0034	0.0068	1	5	3	98.7	95.3	98	G
a16	0.7758	0.2242	0	86	2.7	19.1	25.8	21.1	29.2	22.9	18.2	26.1	31.6	50.6	244	31	10	22.91	150.61374439273462	213	137.5	0.148	0.1924	0.1566	0.852	0.8076	0.8434	0	0	0	7	8	7	94.7	86	95.3	G
a7	0.09	0.93	0.07	74.7	20.7	35.6	43.1	36.2	44.1	18.3	17.9	18	34.1	35.2	162	4	1	18.33	111.72287142747452	158	83	0.84	1	0.9966	0.142	0.1	0.074	0.16	0	0.0034	4	1	5	94.7	98.7	95.3	G
a16	0.8928	0.1072	0	85.3	18.4	24.5	25.8	26.5	29.6	2.7	24.1	18.5	25.6	34.3	20	20	4	2.7	0	0	20	0.2242	0.148	0.1924	0.7758	0.852	0.8076	0	0	0	10	7	8	86	94.7	86	G
a7	0.164	0.9566	0.0434	72	15.5	22.6	27	23.4	27.9	20.7	39	33.8	39	54.8	47	9	7	20.7	26.87005768508881	38	28	0.93	0.84	1	0.09	0.142	0.1	0.07	0.16	0	1	4	1	74.7	94.7	98.7	G
a16	0.7988	0.2012	0	90	8.1	10.8	22.8	11.2	23.7	18.4	19.1	42	21.1	44	239	43	9	18.4	138.59292911256333	196	141	0.1072	0.2242	0.148	0.8928	0.7758	0.852	0	0	0	4	10	7	85.3	86	94.7	G
a16	0.8824	0.1176	0	93.3	3.1	15.6	14	15.6	17.4	8.1	24.5	25.8	26.5	29.2	246	35	5	8.09	149.19953083036154	211	140.5	0.2012	0.1072	0.2242	0.7988	0.8928	0.7758	0	0	0	9	4	10	90	85.3	86	G
a7	0.024	1	0	93.3	7.9	12.1	9	12.3	15.7	15.5	35.6	53.9	36.2	54.6	169	17	2	15.53	107.48023074035522	152	93	0.9566	0.93	0.84	0.164	0.09	0.142	0.0434	0.07	0.16	7	1	4	72	74.7	94.7	G
a7	0.006	1	0	100	4.5	1.1	8.8	7.8	16.9	7.9	22.6	43.1	23.4	44.1	157	0	0	7.88	111.01576464628796	157	78.5	1	0.9566	0.93	0.024	0.164	0.09	0	0.0434	0.07	2	7	1	93.3	72	74.7	G
a16	0.9428	0.0572	0	98.7	12.5	10.9	17.2	14.3	20.6	3.1	10.8	25.8	11.2	29.6	178	6	2	3.12	121.62236636408618	172	92	0.1176	0.2012	0.1072	0.8824	0.7988	0.8928	0	0	0	5	9	4	93.3	90	85.3	G
a7	0.01	1	0	97.3	3.4	11.5	12.9	12.5	22	4.5	12.1	27	12.3	27.9	130	4	2	4.45	89.09545442950498	126	67	1	1	0.9566	0.006	0.024	0.164	0	0	0.0434	0	2	7	100	93.3	72	G
a16	0.888	0.112	0	99.3	1.8	5	5.1	8.1	18.2	12.5	15.6	22.8	15.6	23.7	220	4	5	12.46	152.73506473629428	216	112	0.0572	0.1176	0.2012	0.9428	0.8824	0.7988	0	0	0	2	5	9	98.7	93.3	90	G
a7	0.012	1	0	100	9.1	9.5	18.2	18.6	27.6	3.4	1.1	9	7.8	15.7	143	0	1	3.38	101.1162697096763	143	71.5	1	1	1	0.01	0.006	0.024	0	0	0	2	0	2	97.3	100	93.3	G
a16	0.9058	0.0942	0	98.7	6.3	4.4	9.3	16.4	21.7	1.8	10.9	14	14.3	17.4	226	3	4	1.83	157.6848122046001	223	114.5	0.112	0.0572	0.1176	0.888	0.9428	0.8824	0	0	0	5	2	5	99.3	98.7	93.3	G
a7	0.014	1	0	96	9.5	17.7	45.7	18.5	48.3	9.1	11.5	8.8	12.5	16.9	75	12	1	9.1	44.54772721475249	63	43.5	1	1	1	0.012	0.01	0.006	0	0	0	1	2	0	100	97.3	100	G
a16	0.9426	0.0574	0	99.3	10.1	15.3	56.3	15.4	56.6	6.3	5	17.2	8.1	20.6	201	8	2	6.26	136.47160876900367	193	104.5	0.0942	0.112	0.0572	0.9058	0.888	0.9428	0	0	0	4	5	2	98.7	99.3	98.7	G
a7	0.056	1	0	96.7	9	38.5	53.5	38.7	58.9	9.5	9.5	12.9	18.6	22	110	14	3	9.54	67.88225099390856	96	62	1	1	1	0.014	0.012	0.01	0	0	0	1	1	2	96	100	97.3	G
a16	0.8638	0.1362	0	96.7	5.3	46.2	49.7	46.5	63.1	10.1	4.4	5.1	16.4	18.2	196	14	6	10.12	128.69343417595164	182	105	0.0574	0.0942	0.112	0.9426	0.9058	0.888	0	0	0	2	4	5	99.3	98.7	99.3	G
a7	0.016	1	0	100	29.7	45.7	49.5	49.9	58.4	9	17.7	18.2	18.5	27.6	112	0	1	9	79.19595949289332	112	56	1	1	1	0.056	0.014	0.012	0	0	0	3	1	1	96.7	96	100	G
a16	0.8974	0.1026	0	98.7	41.2	45.6	53.6	57.7	68.7	5.3	15.3	9.3	15.4	21.7	213	8	4	5.32	144.95689014324225	205	110.5	0.1362	0.0574	0.0942	0.8638	0.9426	0.9058	0	0	0	6	2	4	96.7	99.3	98.7	G
a7	0.152	0.99	0.01	86	20.2	27.4	35.1	28.7	41.2	29.7	38.5	45.7	38.7	48.3	108	14	11	29.71	66.46803743153546	94	61	1	1	1	0.016	0.056	0.014	0	0	0	1	3	1	100	96.7	96	G
a16	0.6396	0.3604	0	94.7	16.5	27.2	39.4	27.5	45.4	41.2	46.2	56.3	46.5	56.6	14	9	19	41.19	3.5355339059327378	5	11.5	0.1026	0.1362	0.0574	0.8974	0.8638	0.9426	0	0	0	4	6	2	98.7	96.7	99.3	G
a7	0.312	0.9532	0.0468	46.7	8.5	20.1	19.6	20.9	29.3	20.2	45.7	53.5	49.9	58.9	87	48	10	20.23	27.577164466275352	39	67.5	0.99	1	1	0.152	0.016	0.056	0.01	0	0	11	1	3	86	100	96.7	GM
a16	0.8302	0.1698	0	64.7	10.9	24	30.7	28.9	46.5	16.5	45.6	49.7	57.7	63.1	21	83	8	16.54	43.840620433565945	62	52	0.3604	0.1026	0.1362	0.6396	0.8974	0.8638	0	0	0	19	4	6	94.7	98.7	96.7	G
a7	0.04	1	0	91.3	12.4	14.8	35.2	20.8	45	8.5	27.4	49.5	28.7	58.4	172	9	2	8.48	115.25840533340724	163	90.5	0.9532	0.99	1	0.312	0.152	0.016	0.0468	0.01	0	10	11	1	46.7	86	100	G
a16	0.8336	0.1664	0	94	17.9	30.7	36.1	35.6	55.9	10.9	27.2	53.6	27.5	68.7	208	18	7	10.93	134.35028842544403	190	113	0.1698	0.3604	0.1026	0.8302	0.6396	0.8974	0	0	0	8	19	4	64.7	94.7	98.7	G
a7	0.002	0.9932	0.0068	98	8.4	32.5	32.4	32.6	38.5	12.4	20.1	35.1	20.9	41.2	183	10	1	12.44	122.32947314527271	173	96.5	1	0.9532	0.99	0.04	0.312	0.152	0	0.0468	0.01	2	10	11	91.3	46.7	86	G
a16	0.8358	0.1642	0	94	17.6	32.6	29	37.9	50.2	17.9	24	39.4	28.9	45.4	6	12	8	17.93	4.242640687119285	6	9	0.1664	0.1698	0.3604	0.8336	0.8302	0.6396	0	0	0	7	8	19	94	64.7	94.7	G
a7	0.018	0.99	0.01	99.3	24.2	24.4	28.3	30.2	37.3	8.4	14.8	19.6	20.8	29.3	202	2	2	8.36	141.4213562373095	200	102	0.9932	1	0.9532	0.002	0.04	0.312	0.0068	0	0.0468	1	2	10	98	91.3	46.7	G
a16	0.8204	0.1796	0	90	20.3	12.2	35.1	32.6	62.3	17.6	30.7	30.7	35.6	46.5	214	10	9	17.63	144.2497833620557	204	112	0.1642	0.1664	0.1698	0.8358	0.8336	0.8302	0	0	0	8	7	8	94	94	64.7	G
a7	0.14	0.9798	0.0202	77.3	6	4.1	23.8	13.1	32.8	24.2	32.5	35.2	32.6	45	144	34	8	24.2	77.78174593052023	110	89	0.99	0.9932	1	0.018	0.002	0.04	0.01	0.0068	0	2	1	2	99.3	98	91.3	G
a16	0.7386	0.2614	0	81.3	12.3	40.1	26.4	42	59.6	20.3	32.6	36.1	37.9	55.9	232	51	12	20.29	127.9863273947651	181	141.5	0.1796	0.1642	0.1664	0.8204	0.8358	0.8336	0	0	0	9	8	7	90	94	94	G
a16	0.692	0.308	0	76	29.8	14.3	176.6	47.3	223	12.3	12.2	29	32.6	50.2	29	50	15	12.28	14.849242404917495	21	39.5	0.2614	0.1796	0.1642	0.7386	0.8204	0.8358	0	0	0	12	9	8	81.3	90	94	G
a7	0.196	0.9966	0.0034	32.7	7.1	23.8	15.6	26.8	59.8	6	24.4	32.4	30.2	38.5	38	56	11	5.97	12.727922061357855	18	47	0.9798	0.99	0.9932	0.14	0.018	0.002	0.0202	0.01	0.0068	8	2	1	77.3	99.3	98	GM
a16	0.522	0.478	0	64.7	17.5	187.6	183.6	193.2	208.6	29.8	40.1	35.1	42	62.3	25	115	24	29.76	63.63961030678928	90	70	0.308	0.2614	0.1796	0.692	0.7386	0.8204	0	0	0	15	12	9	76	81.3	90	G
a16	0.8342	0.1658	0	91.3	175.7	170.7	151.9	191.1	210.1	17.5	14.3	26.4	47.3	59.6	0	55	8	17.55	38.890872965260115	55	27.5	0.478	0.308	0.2614	0.522	0.692	0.7386	0	0	0	24	15	12	64.7	76	81.3	G
